id,es,en,fr,it,de,pt,zh
1,Yo nunca nunca he fantaseado con alguien de esta sala.,I have never ever fantasized about someone in this room.,Je n'ai jamais fantasme sur quelqu'un dans cette piece.,Non ho mai fantasticato su qualcuno in questa stanza.,Ich habe noch nie von jemandem in diesem Raum fantasiert.,Eu nunca nunca fantasiei com alguem desta sala.,我从未幻想过在场的某个人。
2,Yo nunca nunca he tenido un rollo de una noche.,I have never ever had a one-night stand.,Je n'ai jamais eu un coup d'un soir.,Non ho mai avuto un'avventura di una notte.,Ich hatte noch nie einen One-Night-Stand.,Eu nunca nunca tive um caso de uma noite.,我从未有过一夜情。
3,Yo nunca nunca he enviado una foto subida de tono.,I have never ever sent a suggestive photo.,Je n'ai jamais envoye une photo suggestive.,Non ho mai mandato una foto provocante.,Ich habe noch nie ein freizuegiges Foto verschickt.,Eu nunca nunca enviei uma foto provocante.,我从未发过撩人的照片。
4,Yo nunca nunca he besado a alguien del mismo sexo.,I have never ever kissed someone of the same sex.,Je n'ai jamais embrasse quelqu'un du meme sexe.,Non ho mai baciato qualcuno dello stesso sesso.,Ich habe noch nie jemanden des gleichen Geschlechts gekuesst.,Eu nunca nunca beijei alguem do mesmo sexo.,我从未亲过同性。
5,Yo nunca nunca he fingido un orgasmo.,I have never ever faked an orgasm.,Je n'ai jamais simule un orgasme.,Non ho mai finto un orgasmo.,Ich habe noch nie einen Orgasmus vorgetaeuscht.,Eu nunca nunca fingi um orgasmo.,我从未假装过高潮。
6,Yo nunca nunca me he liado con dos personas en la misma noche.,I have never ever hooked up with two people in the same night.,Je n'ai jamais embrasse deux personnes la meme nuit.,Non ho mai limonato con due persone la stessa notte.,Ich habe noch nie in einer Nacht mit zwei Personen rumgemacht.,Eu nunca nunca me enrolei com duas pessoas na mesma noite.,我从未在同一晚和两个人亲热。
7,Yo nunca nunca he hecho sexting.,I have never ever sexted.,Je n'ai jamais fait du sexting.,Non ho mai fatto sexting.,Ich habe noch nie Sexting betrieben.,Eu nunca nunca fiz sexting.,我从未发过色情短信。
8,Yo nunca nunca me he liado con el ex de un amigo.,I have never ever hooked up with a friend's ex.,Je n'ai jamais embrasse l'ex d'un ami.,Non ho mai limonato con l'ex di un amico.,Ich habe noch nie mit dem Ex eines Freundes rumgemacht.,Eu nunca nunca me enrolei com o ex de um amigo.,我从未和朋友的前任亲热过。
9,Yo nunca nunca he tenido un sueno erotico con alguien que conozco.,I have never ever had an erotic dream about someone I know.,Je n'ai jamais fait un reve erotique avec quelqu'un que je connais.,Non ho mai fatto un sogno erotico con qualcuno che conosco.,Ich hatte noch nie einen erotischen Traum ueber jemanden den ich kenne.,Eu nunca nunca tive um sonho erotico com alguem que conheco.,我从未梦到过认识的人的情色场景。
10,Yo nunca nunca me he quedado en ropa interior en publico.,I have never ever been in my underwear in public.,Je ne me suis jamais retrouve en sous-vetements en public.,Non mi sono mai trovato in biancheria intima in pubblico.,Ich stand noch nie in Unterwaesche in der Oeffentlichkeit.,Eu nunca nunca fiquei em roupa interior em publico.,我从未在公共场合只穿内衣。
11,Yo nunca nunca he usado una app de citas.,I have never ever used a dating app.,Je n'ai jamais utilise une application de rencontre.,Non ho mai usato un'app di incontri.,Ich habe noch nie eine Dating-App benutzt.,Eu nunca nunca usei uma app de encontros.,我从未用过交友软件。
12,Yo nunca nunca he besado a alguien que acababa de conocer.,I have never ever kissed someone I just met.,Je n'ai jamais embrasse quelqu'un que je venais de rencontrer.,Non ho mai baciato qualcuno appena conosciuto.,Ich habe noch nie jemanden gekuesst den ich gerade erst kennengelernt habe.,Eu nunca nunca beijei alguem que tinha acabado de conhecer.,我从未亲过刚认识的人。
13,Yo nunca nunca he tenido un crush secreto con alguien de este grupo.,I have never ever had a secret crush on someone in this group.,Je n'ai jamais eu un crush secret pour quelqu'un de ce groupe.,Non ho mai avuto una cotta segreta per qualcuno di questo gruppo.,Ich hatte noch nie einen geheimen Crush auf jemanden in dieser Gruppe.,Eu nunca nunca tive um crush secreto por alguem deste grupo.,我从未暗恋过这个群里的某个人。
14,Yo nunca nunca he sido pillado en una situacion comprometida.,I have never ever been caught in a compromising situation.,Je n'ai jamais ete surpris dans une situation compromettante.,Non sono mai stato beccato in una situazione compromettente.,Ich wurde noch nie in einer kompromittierenden Situation erwischt.,Eu nunca nunca fui apanhado numa situacao comprometedora.,我从未在尴尬的场景中被人撞见。
15,Yo nunca nunca he mentido sobre el numero de personas con las que he estado.,I have never ever lied about the number of people I've been with.,Je n'ai jamais menti sur le nombre de personnes avec qui j'ai ete.,Non ho mai mentito sul numero di persone con cui sono stato.,Ich habe noch nie ueber die Anzahl meiner Partner gelogen.,Eu nunca nunca menti sobre o numero de pessoas com quem estive.,我从未在伴侣数量上撒谎。
16,Yo nunca nunca he tenido una fantasia con un famoso.,I have never ever had a fantasy about a celebrity.,Je n'ai jamais fantasme sur une celebrite.,Non ho mai fantasticato su un personaggio famoso.,Ich habe noch nie von einem Promi fantasiert.,Eu nunca nunca tive uma fantasia com um famoso.,我从未幻想过名人。
17,Yo nunca nunca me he arrepentido de haberme liado con alguien.,I have never ever regretted hooking up with someone.,Je n'ai jamais regrette de m'etre embrasse avec quelqu'un.,Non ho mai rimpianto di aver limonato con qualcuno.,Ich habe es noch nie bereut mit jemandem rumgemacht zu haben.,Eu nunca nunca me arrependi de me ter enrolado com alguem.,我从未后悔和某人亲热过。
18,Yo nunca nunca he mandado un mensaje subido de tono a la persona equivocada.,I have never ever sent a spicy text to the wrong person.,Je n'ai jamais envoye un message coquin a la mauvaise personne.,Non ho mai mandato un messaggio piccante alla persona sbagliata.,Ich habe noch nie eine freche Nachricht an die falsche Person geschickt.,Eu nunca nunca mandei uma mensagem picante a pessoa errada.,我从未把暧昧消息发给了错误的人。
19,Yo nunca nunca he tenido una cita a ciegas.,I have never ever been on a blind date.,Je n'ai jamais eu de rendez-vous a l'aveugle.,Non ho mai avuto un appuntamento al buio.,Ich war noch nie auf einem Blind Date.,Eu nunca nunca tive um encontro as cegas.,我从未参加过相亲。
20,Yo nunca nunca me he liado con alguien solo por despecho.,I have never ever hooked up with someone just out of spite.,Je n'ai jamais embrasse quelqu'un juste par depit.,Non ho mai limonato con qualcuno solo per dispetto.,Ich habe noch nie aus Trotz mit jemandem rumgemacht.,Eu nunca nunca me enrolei com alguem so por despeito.,我从未为了赌气和别人亲热。
21,Yo nunca nunca he tenido un crush con alguien mucho mayor que yo.,I have never ever had a crush on someone much older than me.,Je n'ai jamais eu le beguin pour quelqu'un de beaucoup plus age.,Non ho mai avuto una cotta per qualcuno molto piu grande di me.,Ich hatte noch nie einen Crush auf jemanden der viel aelter ist als ich.,Eu nunca nunca tive um crush por alguem muito mais velho que eu.,我从未暗恋过比我大很多的人。
22,Yo nunca nunca he ido a un club de striptease.,I have never ever been to a strip club.,Je ne suis jamais alle dans un club de strip-tease.,Non sono mai andato in uno strip club.,Ich war noch nie in einem Stripclub.,Eu nunca nunca fui a um clube de striptease.,我从未去过脱衣舞俱乐部。
23,Yo nunca nunca he investigado a alguien antes de una cita.,I have never ever researched someone before a date.,Je n'ai jamais fait des recherches sur quelqu'un avant un rendez-vous.,Non ho mai investigato qualcuno prima di un appuntamento.,Ich habe noch nie vor einem Date jemanden recherchiert.,Eu nunca nunca investiguei alguem antes de um encontro.,我从未在约会前调查对方。
24,Yo nunca nunca he recibido o enviado un nude no solicitado.,I have never ever received or sent an unsolicited nude.,Je n'ai jamais recu ou envoye un nude non solicite.,Non ho mai ricevuto o mandato un nudo non richiesto.,Ich habe noch nie ein unaufgefordertes Nacktfoto erhalten oder gesendet.,Eu nunca nunca recebi ou enviei um nude nao solicitado.,我从未收到或发送过不请自来的裸照。
25,Yo nunca nunca me he liado con alguien en un bano publico.,I have never ever made out with someone in a public bathroom.,Je n'ai jamais embrasse quelqu'un dans des toilettes publiques.,Non ho mai limonato con qualcuno in un bagno pubblico.,Ich habe noch nie in einer oeffentlichen Toilette mit jemandem rumgemacht.,Eu nunca nunca me enrolei com alguem numa casa de banho publica.,我从未在公共卫生间和人亲热。
26,Yo nunca nunca he tenido un amigo con derechos.,I have never ever had a friends-with-benefits situation.,Je n'ai jamais eu de relation amis avec avantages.,Non ho mai avuto un'amicizia con benefici.,Ich hatte noch nie eine Freundschaft-Plus-Beziehung.,Eu nunca nunca tive um amigo colorido.,我从未有过炮友关系。
27,Yo nunca nunca he dicho el nombre equivocado en la cama.,I have never ever said the wrong name in bed.,Je n'ai jamais dit le mauvais prenom au lit.,Non ho mai detto il nome sbagliato a letto.,Ich habe noch nie den falschen Namen im Bett gesagt.,Eu nunca nunca disse o nome errado na cama.,我从未在床上叫错名字。
28,Yo nunca nunca he tenido un crush con el novio o novia de alguien.,I have never ever had a crush on someone's boyfriend or girlfriend.,Je n'ai jamais eu le beguin pour le copain ou la copine de quelqu'un.,Non ho mai avuto una cotta per il ragazzo o la ragazza di qualcuno.,Ich hatte noch nie einen Crush auf den Freund oder die Freundin von jemandem.,Eu nunca nunca tive um crush pelo namorado ou namorada de alguem.,我从未暗恋过别人的男朋友或女朋友。
29,Yo nunca nunca he ligado en un gimnasio.,I have never ever flirted at a gym.,Je n'ai jamais drague dans une salle de sport.,Non ho mai flirtato in palestra.,Ich habe noch nie im Fitnessstudio geflirtet.,Eu nunca nunca flertei num ginasio.,我从未在健身房里搭讪。
30,Yo nunca nunca me he liado con alguien estando en una relacion.,I have never ever hooked up with someone while in a relationship.,Je n'ai jamais embrasse quelqu'un alors que j'etais en couple.,Non ho mai limonato con qualcuno mentre ero in una relazione.,Ich habe noch nie mit jemandem rumgemacht waehrend ich in einer Beziehung war.,Eu nunca nunca me enrolei com alguem estando numa relacao.,我从未在恋爱中和其他人亲热。
31,Yo nunca nunca he guardado fotos de un ex.,I have never ever kept photos of an ex.,Je n'ai jamais garde des photos d'un ex.,Non ho mai conservato foto di un ex.,Ich habe noch nie Fotos von einem Ex aufgehoben.,Eu nunca nunca guardei fotos de um ex.,我从未保留过前任的照片。
32,Yo nunca nunca he flirteado con alguien para conseguir algo gratis.,I have never ever flirted with someone to get something for free.,Je n'ai jamais drague quelqu'un pour avoir quelque chose gratuitement.,Non ho mai flirtato con qualcuno per ottenere qualcosa gratis.,Ich habe noch nie mit jemandem geflirtet um etwas umsonst zu bekommen.,Eu nunca nunca flertei com alguem para conseguir algo de graca.,我从未为了免费好处和别人调情。
33,Yo nunca nunca me he emborrachado y confesado mis sentimientos.,I have never ever gotten drunk and confessed my feelings.,Je n'ai jamais ete ivre et avoue mes sentiments.,Non mi sono mai ubriacato e confessato i miei sentimenti.,Ich habe noch nie betrunken meine Gefuehle gestanden.,Eu nunca nunca me embebedei e confessei os meus sentimentos.,我从未喝醉后表白过。
34,Yo nunca nunca he tenido un sueno erotico con un amigo.,I have never ever had an erotic dream about a friend.,Je n'ai jamais fait un reve erotique avec un ami.,Non ho mai fatto un sogno erotico con un amico.,Ich hatte noch nie einen erotischen Traum ueber einen Freund.,Eu nunca nunca tive um sonho erotico com um amigo.,我从未做过关于朋友的春梦。
35,Yo nunca nunca he dejado plantado a alguien en una cita.,I have never ever stood someone up on a date.,Je n'ai jamais pose un lapin a quelqu'un.,Non ho mai dato buca a qualcuno a un appuntamento.,Ich habe noch nie jemanden bei einem Date versetzt.,Eu nunca nunca dei um cano a alguem num encontro.,我从未放过人鸽子。
36,Yo nunca nunca he tenido una relacion a distancia.,I have never ever been in a long-distance relationship.,Je n'ai jamais eu de relation a distance.,Non ho mai avuto una relazione a distanza.,Ich war noch nie in einer Fernbeziehung.,Eu nunca nunca tive uma relacao a distancia.,我从未有过异地恋。
37,Yo nunca nunca me he liado con el hermano o hermana de un amigo.,I have never ever hooked up with a friend's sibling.,Je n'ai jamais embrasse le frere ou la soeur d'un ami.,Non ho mai limonato con il fratello o la sorella di un amico.,Ich habe noch nie mit dem Bruder oder der Schwester eines Freundes rumgemacht.,Eu nunca nunca me enrolei com o irmao ou irma de um amigo.,我从未和朋友的兄弟姐妹亲热过。
38,Yo nunca nunca he escrito el nombre de mi crush en un papel.,I have never ever written my crush's name on a piece of paper.,Je n'ai jamais ecrit le nom de mon crush sur un papier.,Non ho mai scritto il nome del mio crush su un foglio.,Ich habe noch nie den Namen meines Schwarms auf Papier geschrieben.,Eu nunca nunca escrevi o nome do meu crush num papel.,我从未在纸上写过暗恋对象的名字。
39,Yo nunca nunca he practicado un beso con mi mano.,I have never ever practiced kissing on my hand.,Je n'ai jamais pratique un baiser sur ma main.,Non ho mai provato un bacio sulla mia mano.,Ich habe noch nie das Kuessen an meiner Hand geuebt.,Eu nunca nunca pratiquei um beijo na minha mao.,我从未用手练习接吻。
40,Yo nunca nunca he vuelto a casa al amanecer sin avisar.,I have never ever come home at dawn without telling anyone.,Je ne suis jamais rentre a l'aube sans prevenir.,Non sono mai tornato a casa all'alba senza avvisare.,Ich bin noch nie im Morgengrauen nach Hause gekommen ohne Bescheid zu sagen.,Eu nunca nunca voltei para casa ao amanhecer sem avisar.,我从未天亮了才回家又没跟人说。
41,Yo nunca nunca he tenido un crush con un companero de trabajo.,I have never ever had a crush on a coworker.,Je n'ai jamais eu le beguin pour un collegue.,Non ho mai avuto una cotta per un collega.,Ich hatte noch nie einen Crush auf einen Kollegen.,Eu nunca nunca tive um crush num colega de trabalho.,我从未暗恋过同事。
42,Yo nunca nunca me he liado con alguien en un coche.,I have never ever made out with someone in a car.,Je n'ai jamais embrasse quelqu'un dans une voiture.,Non ho mai limonato con qualcuno in macchina.,Ich habe noch nie in einem Auto mit jemandem rumgemacht.,Eu nunca nunca me enrolei com alguem num carro.,我从未在车里和人亲热。
43,Yo nunca nunca he mandado una carta de amor.,I have never ever sent a love letter.,Je n'ai jamais envoye de lettre d'amour.,Non ho mai mandato una lettera d'amore.,Ich habe noch nie einen Liebesbrief geschickt.,Eu nunca nunca mandei uma carta de amor.,我从未写过情书。
44,Yo nunca nunca he tenido celos irracionales.,I have never ever been irrationally jealous.,Je n'ai jamais ete jaloux de maniere irrationnelle.,Non ho mai provato gelosia irrazionale.,Ich war noch nie irrational eifersuechtig.,Eu nunca nunca tive ciumes irracionais.,我从未莫名其妙地吃醋。
45,Yo nunca nunca he espiado el movil de mi pareja.,I have never ever snooped through my partner's phone.,Je n'ai jamais fouille dans le telephone de mon partenaire.,Non ho mai spiato il telefono del mio partner.,Ich habe noch nie das Handy meines Partners durchsucht.,Eu nunca nunca espiei o telemovel do meu parceiro.,我从未偷看过伴侣的手机。
46,Yo nunca nunca me he besado bajo la lluvia.,I have never ever kissed in the rain.,Je n'ai jamais embrasse quelqu'un sous la pluie.,Non ho mai baciato qualcuno sotto la pioggia.,Ich habe noch nie im Regen jemanden gekuesst.,Eu nunca nunca beijei alguem a chuva.,我从未在雨中接吻。
47,Yo nunca nunca he tenido un crush con el amigo de mi ex.,I have never ever had a crush on my ex's friend.,Je n'ai jamais eu le beguin pour l'ami de mon ex.,Non ho mai avuto una cotta per l'amico del mio ex.,Ich hatte noch nie einen Crush auf den Freund meines Ex.,Eu nunca nunca tive um crush pelo amigo do meu ex.,我从未暗恋过前任的朋友。
48,Yo nunca nunca he bailado de forma provocativa para llamar la atencion.,I have never ever danced provocatively to get attention.,Je n'ai jamais danse de facon provocante pour attirer l'attention.,Non ho mai ballato in modo provocante per attirare l'attenzione.,Ich habe noch nie provokativ getanzt um Aufmerksamkeit zu bekommen.,Eu nunca nunca dancei de forma provocante para chamar a atencao.,我从未为了引人注意而性感地跳舞。
49,Yo nunca nunca he tenido una relacion que duro menos de una semana.,I have never ever had a relationship that lasted less than a week.,Je n'ai jamais eu une relation qui a dure moins d'une semaine.,Non ho mai avuto una relazione durata meno di una settimana.,Ich hatte noch nie eine Beziehung die weniger als eine Woche gedauert hat.,Eu nunca nunca tive uma relacao que durou menos de uma semana.,我从未有过不到一周就结束的恋爱。
50,Yo nunca nunca me he liado con alguien en una piscina o playa.,I have never ever made out with someone in a pool or at the beach.,Je n'ai jamais embrasse quelqu'un dans une piscine ou a la plage.,Non ho mai limonato con qualcuno in piscina o in spiaggia.,Ich habe noch nie in einem Pool oder am Strand mit jemandem rumgemacht.,Eu nunca nunca me enrolei com alguem numa piscina ou praia.,我从未在泳池或海滩和人亲热。
51,Yo nunca nunca he tenido una crush con alguien que no habla mi idioma.,I have never ever had a crush on someone who doesn't speak my language.,Je n'ai jamais eu le beguin pour quelqu'un qui ne parle pas ma langue.,Non ho mai avuto una cotta per qualcuno che non parla la mia lingua.,Ich hatte noch nie einen Crush auf jemanden der meine Sprache nicht spricht.,Eu nunca nunca tive um crush por alguem que nao fala a minha lingua.,我从未暗恋过不会说我母语的人。
52,Yo nunca nunca he hecho striptease para alguien.,I have never ever done a striptease for someone.,Je n'ai jamais fait un striptease pour quelqu'un.,Non ho mai fatto uno spogliarello per qualcuno.,Ich habe noch nie einen Striptease fuer jemanden gemacht.,Eu nunca nunca fiz striptease para alguem.,我从未为别人跳过脱衣舞。
53,Yo nunca nunca me he liado con alguien solo porque estaba bueno.,I have never ever hooked up with someone just because they were hot.,Je n'ai jamais embrasse quelqu'un juste parce qu'il etait beau.,Non ho mai limonato con qualcuno solo perche era attraente.,Ich habe noch nie mit jemandem rumgemacht nur weil die Person heiss war.,Eu nunca nunca me enrolei com alguem so porque era bonito.,我从未仅因为对方好看就和人亲热。
54,Yo nunca nunca he tenido un fetiche que no he contado a nadie.,I have never ever had a fetish I haven't told anyone about.,Je n'ai jamais eu un fetiche dont je n'ai parle a personne.,Non ho mai avuto un feticismo di cui non ho parlato con nessuno.,Ich hatte noch nie einen Fetisch von dem ich niemandem erzaehlt habe.,Eu nunca nunca tive um fetiche que nao contei a ninguem.,我从未有过不敢告诉别人的癖好。
55,Yo nunca nunca he fingido no conocer a alguien con quien me lie.,I have never ever pretended not to know someone I hooked up with.,Je n'ai jamais fait semblant de ne pas connaitre quelqu'un avec qui je m'etais embrasse.,Non ho mai finto di non conoscere qualcuno con cui ho limonato.,Ich habe noch nie so getan als wuerde ich jemanden nicht kennen mit dem ich rumgemacht habe.,Eu nunca nunca fingi nao conhecer alguem com quem me enrolei.,我从未假装不认识和我亲热过的人。
56,Yo nunca nunca he recibido un masaje que se volvio algo mas.,I have never ever received a massage that turned into something more.,Je n'ai jamais recu un massage qui est devenu autre chose.,Non ho mai ricevuto un massaggio che e diventato qualcosa di piu.,Ich habe noch nie eine Massage erhalten die zu etwas Mehr wurde.,Eu nunca nunca recebi uma massagem que se tornou algo mais.,我从未接受过变了味的按摩。
57,Yo nunca nunca me he besado con alguien para dar celos.,I have never ever kissed someone to make another person jealous.,Je n'ai jamais embrasse quelqu'un pour rendre jaloux.,Non ho mai baciato qualcuno per far ingelosire qualcun altro.,Ich habe noch nie jemanden gekuesst um eine andere Person eifersuechtig zu machen.,Eu nunca nunca beijei alguem para provocar ciumes.,我从未为了让别人吃醋而亲其他人。
58,Yo nunca nunca he tenido un crush con un profesor.,I have never ever had a crush on a professor.,Je n'ai jamais eu le beguin pour un professeur.,Non ho mai avuto una cotta per un professore.,Ich hatte noch nie einen Crush auf einen Professor.,Eu nunca nunca tive um crush num professor.,我从未暗恋过教授。
59,Yo nunca nunca he salido con alguien que no le gustaba a mis amigos.,I have never ever dated someone my friends didn't like.,Je n'ai jamais sorti avec quelqu'un que mes amis n'aimaient pas.,Non sono mai uscito con qualcuno che non piaceva ai miei amici.,Ich bin noch nie mit jemandem ausgegangen den meine Freunde nicht mochten.,Eu nunca nunca sai com alguem que os meus amigos nao gostavam.,我从未和朋友们不喜欢的人约会。
60,Yo nunca nunca me he despertado al lado de alguien y no recordar su nombre.,I have never ever woken up next to someone and not remembered their name.,Je ne me suis jamais reveille a cote de quelqu'un sans me souvenir de son prenom.,Non mi sono mai svegliato accanto a qualcuno senza ricordare il suo nome.,Ich bin noch nie neben jemandem aufgewacht ohne mich an den Namen zu erinnern.,Eu nunca nunca acordei ao lado de alguem e nao me lembrava do nome.,我从未在某人身边醒来却不记得对方的名字。
61,Yo nunca nunca he hecho role-play.,I have never ever done role-play.,Je n'ai jamais fait de jeu de role intime.,Non ho mai fatto un gioco di ruolo.,Ich habe noch nie Rollenspiele gemacht.,Eu nunca nunca fiz role-play.,我从未玩过角色扮演。
62,Yo nunca nunca me he liado con alguien en el trabajo.,I have never ever hooked up with someone at work.,Je n'ai jamais embrasse quelqu'un au travail.,Non ho mai limonato con qualcuno al lavoro.,Ich habe noch nie auf der Arbeit mit jemandem rumgemacht.,Eu nunca nunca me enrolei com alguem no trabalho.,我从未在工作场所和人亲热。
63,Yo nunca nunca he tenido un momento incomodo despues de un beso.,I have never ever had an awkward moment after a kiss.,Je n'ai jamais eu un moment genant apres un baiser.,Non ho mai avuto un momento imbarazzante dopo un bacio.,Ich hatte noch nie einen peinlichen Moment nach einem Kuss.,Eu nunca nunca tive um momento constrangedor depois de um beijo.,我从未在接吻之后经历过尴尬的时刻。
64,Yo nunca nunca he fantaseado con alguien mientras estaba con otra persona.,I have never ever fantasized about someone else while with another person.,Je n'ai jamais fantasme sur quelqu'un d'autre en etant avec une autre personne.,Non ho mai fantasticato su qualcun altro mentre ero con un'altra persona.,Ich habe noch nie von jemand anderem fantasiert waehrend ich mit einer anderen Person zusammen war.,Eu nunca nunca fantasiei com outra pessoa enquanto estava com alguem.,我从未在和一个人在一起时幻想另一个人。
65,Yo nunca nunca he liado con alguien por apuesta.,I have never ever hooked up with someone because of a bet.,Je n'ai jamais embrasse quelqu'un a cause d'un pari.,Non ho mai limonato con qualcuno per una scommessa.,Ich habe noch nie wegen einer Wette mit jemandem rumgemacht.,Eu nunca nunca me enrolei com alguem por causa de uma aposta.,我从未因为打赌而和人亲热。
66,Yo nunca nunca he tenido un rollo con alguien de vacaciones.,I have never ever had a fling on vacation.,Je n'ai jamais eu une aventure en vacances.,Non ho mai avuto un'avventura in vacanza.,Ich hatte noch nie im Urlaub einen Flirt.,Eu nunca nunca tive um caso de ferias.,我从未在度假时和人发生过浪漫关系。
67,Yo nunca nunca he recibido un beso que me dejo sin aliento.,I have never ever received a kiss that left me breathless.,Je n'ai jamais recu un baiser qui m'a coupe le souffle.,Non ho mai ricevuto un bacio che mi ha tolto il fiato.,Ich habe noch nie einen Kuss bekommen der mir den Atem geraubt hat.,Eu nunca nunca recebi um beijo que me deixou sem ar.,我从未被吻到窒息。
68,Yo nunca nunca he coqueteado con alguien para obtener un descuento.,I have never ever flirted with someone to get a discount.,Je n'ai jamais drague quelqu'un pour obtenir une reduction.,Non ho mai flirtato con qualcuno per ottenere uno sconto.,Ich habe noch nie mit jemandem geflirtet um einen Rabatt zu bekommen.,Eu nunca nunca flertei com alguem para obter um desconto.,我从未为了获得折扣而和人调情。
69,Yo nunca nunca he sido rechazado de forma epica.,I have never ever been rejected in an epic way.,Je n'ai jamais ete rejete de facon epique.,Non sono mai stato rifiutato in modo epico.,Ich wurde noch nie auf epische Weise abgewiesen.,Eu nunca nunca fui rejeitado de forma epica.,我从未被以史诗般的方式拒绝。
70,Yo nunca nunca me he liado con alguien en un festival.,I have never ever hooked up with someone at a festival.,Je n'ai jamais embrasse quelqu'un a un festival.,Non ho mai limonato con qualcuno a un festival.,Ich habe noch nie auf einem Festival mit jemandem rumgemacht.,Eu nunca nunca me enrolei com alguem num festival.,我从未在音乐节和人亲热。
71,Yo nunca nunca he tenido un date desastroso.,I have never ever had a disastrous date.,Je n'ai jamais eu un rendez-vous desastreux.,Non ho mai avuto un appuntamento disastroso.,Ich hatte noch nie ein katastrophales Date.,Eu nunca nunca tive um encontro desastroso.,我从未经历过灾难性的约会。
72,Yo nunca nunca me he liado con alguien 10 anos mayor o menor.,I have never ever hooked up with someone 10 years older or younger.,Je n'ai jamais embrasse quelqu'un de 10 ans de plus ou de moins.,Non ho mai limonato con qualcuno di 10 anni piu grande o piu piccolo.,Ich habe noch nie mit jemandem rumgemacht der 10 Jahre aelter oder juenger war.,Eu nunca nunca me enrolei com alguem 10 anos mais velho ou mais novo.,我从未和年龄差十岁的人亲热。
73,Yo nunca nunca he tenido una fantasia con alguien de mi grupo de amigos.,I have never ever had a fantasy about someone in my friend group.,Je n'ai jamais fantasme sur quelqu'un de mon groupe d'amis.,Non ho mai fantasticato su qualcuno del mio gruppo di amici.,Ich habe noch nie von jemandem aus meinem Freundeskreis fantasiert.,Eu nunca nunca fantasiei com alguem do meu grupo de amigos.,我从未幻想过自己朋友圈里的人。
74,Yo nunca nunca he mandado un mensaje borracho que me arrepenti.,I have never ever sent a drunk text I regretted.,Je n'ai jamais envoye un message saoul que j'ai regrette.,Non ho mai mandato un messaggio da ubriaco di cui mi sono pentito.,Ich habe noch nie betrunken eine Nachricht geschickt die ich bereut habe.,Eu nunca nunca mandei uma mensagem bebado de que me arrependi.,我从未发过让自己后悔的醉酒消息。
75,Yo nunca nunca he tenido una playlist secreta de canciones romanticas.,I have never ever had a secret playlist of romantic songs.,Je n'ai jamais eu une playlist secrete de chansons romantiques.,Non ho mai avuto una playlist segreta di canzoni romantiche.,Ich hatte noch nie eine geheime Playlist mit romantischen Liedern.,Eu nunca nunca tive uma playlist secreta de musicas romanticas.,我从未有过一个秘密的浪漫歌单。
76,Yo nunca nunca he dejado de salir con alguien por como besa.,I have never ever stopped seeing someone because of how they kiss.,Je n'ai jamais arrete de voir quelqu'un a cause de sa facon d'embrasser.,Non ho mai smesso di frequentare qualcuno per come baciava.,Ich habe noch nie aufgehoert jemanden zu treffen wegen der Art wie die Person kuesst.,Eu nunca nunca deixei de sair com alguem por causa de como beija.,我从未因为对方接吻技术差而不再见面。
77,Yo nunca nunca he hecho match con alguien y nunca le escribi.,I have never ever matched with someone and never texted them.,Je n'ai jamais matche avec quelqu'un sans jamais lui ecrire.,Non ho mai fatto match con qualcuno senza mai scrivergli.,Ich habe noch nie mit jemandem gematcht und ihm nie geschrieben.,Eu nunca nunca fiz match com alguem e nunca lhe escrevi.,我从未和人配对后却从不发消息。
78,Yo nunca nunca me he enamorado a primera vista.,I have never ever fallen in love at first sight.,Je n'ai jamais eu un coup de foudre.,Non mi sono mai innamorato a prima vista.,Ich habe mich noch nie auf den ersten Blick verliebt.,Eu nunca nunca me apaixonei a primeira vista.,我从未一见钟情。
79,Yo nunca nunca he tenido un rollo con un vecino.,I have never ever had a thing with a neighbor.,Je n'ai jamais eu une histoire avec un voisin.,Non ho mai avuto una storia con un vicino.,Ich hatte noch nie etwas mit einem Nachbarn.,Eu nunca nunca tive um caso com um vizinho.,我从未和邻居有过暧昧。
80,Yo nunca nunca me he besado en un ascensor.,I have never ever kissed someone in an elevator.,Je n'ai jamais embrasse quelqu'un dans un ascenseur.,Non ho mai baciato qualcuno in un ascensore.,Ich habe noch nie jemanden in einem Aufzug gekuesst.,Eu nunca nunca beijei alguem num elevador.,我从未在电梯里亲过人。
81,Yo nunca nunca he tenido una relacion toxica.,I have never ever been in a toxic relationship.,Je n'ai jamais eu de relation toxique.,Non ho mai avuto una relazione tossica.,Ich war noch nie in einer toxischen Beziehung.,Eu nunca nunca tive uma relacao toxica.,我从未经历过有毒的恋爱关系。
82,Yo nunca nunca he mentido sobre estar soltero.,I have never ever lied about being single.,Je n'ai jamais menti sur le fait d'etre celibataire.,Non ho mai mentito sull'essere single.,Ich habe noch nie darueber gelogen Single zu sein.,Eu nunca nunca menti sobre estar solteiro.,我从未谎称自己单身。
83,Yo nunca nunca he intentado seducir a alguien con la mirada.,I have never ever tried to seduce someone with a look.,Je n'ai jamais essaye de seduire quelqu'un du regard.,Non ho mai provato a sedurre qualcuno con lo sguardo.,Ich habe noch nie versucht jemanden mit einem Blick zu verfuehren.,Eu nunca nunca tentei seduzir alguem com o olhar.,我从未试图用眼神勾引人。
84,Yo nunca nunca he tenido celos de la mejor amiga o amigo de mi pareja.,I have never ever been jealous of my partner's best friend.,Je n'ai jamais ete jaloux du meilleur ami de mon partenaire.,Non ho mai provato gelosia per il miglior amico del mio partner.,Ich war noch nie eifersuechtig auf den besten Freund meines Partners.,Eu nunca nunca tive ciumes do melhor amigo do meu parceiro.,我从未嫉妒过伴侣的好朋友。
85,Yo nunca nunca he puesto una cancion romantica pensando en alguien.,I have never ever played a romantic song thinking of someone.,Je n'ai jamais mis une chanson romantique en pensant a quelqu'un.,Non ho mai messo una canzone romantica pensando a qualcuno.,Ich habe noch nie ein romantisches Lied gehoert und dabei an jemanden gedacht.,Eu nunca nunca pus uma musica romantica a pensar em alguem.,我从未听着浪漫的歌心里想着某个人。
86,Yo nunca nunca me he arrepentido de no haber besado a alguien.,I have never ever regretted not kissing someone.,Je n'ai jamais regrette de ne pas avoir embrasse quelqu'un.,Non ho mai rimpianto di non aver baciato qualcuno.,Ich habe es noch nie bereut jemanden nicht gekuesst zu haben.,Eu nunca nunca me arrependi de nao ter beijado alguem.,我从未后悔没有亲某个人。
87,Yo nunca nunca he fingido ser mas interesante en una cita.,I have never ever pretended to be more interesting on a date.,Je n'ai jamais fait semblant d'etre plus interessant lors d'un rendez-vous.,Non ho mai finto di essere piu interessante durante un appuntamento.,Ich habe noch nie so getan als waere ich auf einem Date interessanter.,Eu nunca nunca fingi ser mais interessante num encontro.,我从未在约会中装得比实际更有趣。
88,Yo nunca nunca he enviado una cancion a alguien como indirecta.,I have never ever sent someone a song as a hint.,Je n'ai jamais envoye une chanson a quelqu'un comme une allusion.,Non ho mai mandato una canzone a qualcuno come indiretta.,Ich habe noch nie jemandem ein Lied als Hinweis geschickt.,Eu nunca nunca enviei uma musica a alguem como indireta.,我从未把歌发给某人暗示心意。
89,Yo nunca nunca me he liado con alguien conocido y hemos hecho como que nada paso.,I have never ever hooked up with someone I know and pretended nothing happened.,Je n'ai jamais embrasse quelqu'un que je connaissais et fait comme si rien ne s'etait passe.,Non ho mai limonato con qualcuno che conosco e poi fatto finta di niente.,Ich habe noch nie mit jemandem rumgemacht den ich kenne und so getan als waere nichts passiert.,Eu nunca nunca me enrolei com alguem conhecido e fingimos que nada aconteceu.,我从未和认识的人亲热后假装什么都没发生。
90,Yo nunca nunca he escrito un poema o cancion para alguien.,I have never ever written a poem or song for someone.,Je n'ai jamais ecrit un poeme ou une chanson pour quelqu'un.,Non ho mai scritto una poesia o canzone per qualcuno.,Ich habe noch nie ein Gedicht oder Lied fuer jemanden geschrieben.,Eu nunca nunca escrevi um poema ou cancao para alguem.,我从未为某人写过诗或歌。
91,Yo nunca nunca he mentido diciendo que tenia pareja para que no me ligaran.,I have never ever lied about having a partner to avoid being hit on.,Je n'ai jamais menti en disant que j'avais un copain pour eviter les avances.,Non ho mai mentito dicendo di avere un partner per evitare i corteggiatori.,Ich habe noch nie gelogen in einer Beziehung zu sein um nicht angemacht zu werden.,Eu nunca nunca menti que tinha parceiro para nao me abordarem.,我从未撒谎说有对象来躲避搭讪。
92,Yo nunca nunca he tenido un crush por la voz de alguien.,I have never ever had a crush on someone because of their voice.,Je n'ai jamais eu le beguin pour quelqu'un a cause de sa voix.,Non ho mai avuto una cotta per qualcuno per la sua voce.,Ich hatte noch nie einen Crush auf jemanden wegen seiner Stimme.,Eu nunca nunca tive um crush por alguem por causa da voz.,我从未因为声音好听而暗恋某人。
93,Yo nunca nunca me he colado en una fiesta privada para ligar.,I have never ever snuck into a private party to flirt.,Je ne me suis jamais incruste a une fete privee pour draguer.,Non mi sono mai imbucato a una festa privata per flirtare.,Ich habe mich noch nie in eine private Party geschlichen um zu flirten.,Eu nunca nunca me infiltrei numa festa privada para engatar.,我从未混进私人派对去撩人。
94,Yo nunca nunca he tenido mariposas en el estomago por un mensaje.,I have never ever gotten butterflies from a text message.,Je n'ai jamais eu des papillons dans le ventre a cause d'un message.,Non ho mai avuto le farfalle nello stomaco per un messaggio.,Ich hatte noch nie Schmetterlinge im Bauch wegen einer Nachricht.,Eu nunca nunca tive borboletas no estomago por causa de uma mensagem.,我从未因为一条消息心跳加速。
95,Yo nunca nunca he roto con alguien por mensaje.,I have never ever broken up with someone by text.,Je n'ai jamais rompu avec quelqu'un par message.,Non ho mai lasciato qualcuno via messaggio.,Ich habe noch nie per Nachricht Schluss gemacht.,Eu nunca nunca terminei com alguem por mensagem.,我从未通过短信分手。
96,Yo nunca nunca me he liado con alguien solo para olvidar a otra persona.,I have never ever hooked up with someone just to get over someone else.,Je n'ai jamais embrasse quelqu'un juste pour en oublier un autre.,Non ho mai limonato con qualcuno solo per dimenticarne un altro.,Ich habe noch nie mit jemandem rumgemacht nur um eine andere Person zu vergessen.,Eu nunca nunca me enrolei com alguem so para esquecer outra pessoa.,我从未为了忘掉一个人而和另一个人亲热。
97,Yo nunca nunca he tenido un secreto romantico que no he contado a nadie.,I have never ever had a romantic secret I haven't told anyone.,Je n'ai jamais eu un secret romantique que je n'ai dit a personne.,Non ho mai avuto un segreto romantico che non ho detto a nessuno.,Ich hatte noch nie ein romantisches Geheimnis das ich niemandem erzaehlt habe.,Eu nunca nunca tive um segredo romantico que nao contei a ninguem.,我从未有过谁都没告诉的恋爱秘密。
98,Yo nunca nunca he guardado un regalo de un ex con carino.,I have never ever kept a gift from an ex fondly.,Je n'ai jamais garde avec tendresse un cadeau d'un ex.,Non ho mai conservato con affetto un regalo di un ex.,Ich habe noch nie ein Geschenk von einem Ex liebevoll aufbewahrt.,Eu nunca nunca guardei com carinho um presente de um ex.,我从未深情地保存前任的礼物。
99,Yo nunca nunca he tenido un crush con alguien solo por su sonrisa.,I have never ever had a crush on someone just because of their smile.,Je n'ai jamais eu le beguin pour quelqu'un juste pour son sourire.,Non ho mai avuto una cotta per qualcuno solo per il suo sorriso.,Ich hatte noch nie einen Crush auf jemanden nur wegen seines Laechelns.,Eu nunca nunca tive um crush por alguem so pelo sorriso.,我从未仅因为笑容而暗恋某人。
100,Yo nunca nunca me he quedado con ganas de besar a alguien de esta sala.,I have never ever been wanting to kiss someone in this room.,Je n'ai jamais eu envie d'embrasser quelqu'un dans cette piece.,Non ho mai avuto voglia di baciare qualcuno in questa stanza.,Ich wollte noch nie jemanden in diesem Raum kuessen.,Eu nunca nunca fiquei com vontade de beijar alguem desta sala.,我从未想过亲在场的某个人。
101,Yo nunca nunca he tenido un crush con un personaje de dibujos o anime.,I have never ever had a crush on a cartoon or anime character.,Je n'ai jamais eu le beguin pour un personnage de dessin anime ou anime.,Non ho mai avuto una cotta per un personaggio dei cartoni o degli anime.,Ich hatte noch nie einen Crush auf eine Zeichentrick- oder Anime-Figur.,Eu nunca nunca tive um crush por um personagem de desenhos ou anime.,æˆ‘ä»Žæœªæš—æ‹è¿‡åŠ¨æ¼«è§’è‰²ã€‚
102,Yo nunca nunca he ensayado mi forma de ligar frente al espejo.,I have never ever practiced flirting in front of the mirror.,Je n'ai jamais repete ma facon de draguer devant le miroir.,Non ho mai provato a flirtare davanti allo specchio.,Ich habe noch nie das Flirten vor dem Spiegel geuebt.,Eu nunca nunca ensaiei a minha forma de engatar em frente ao espelho.,æˆ‘ä»Žæœªå¯¹ç€é•œå­ç»ƒä¹ æ­è®ªã€‚
103,Yo nunca nunca he creado un perfil falso en una app de citas para espiar.,I have never ever created a fake dating profile to spy on someone.,Je n'ai jamais cree un faux profil de rencontre pour espionner quelqu'un.,Non ho mai creato un profilo falso su un'app di incontri per spiare.,Ich habe noch nie ein falsches Dating-Profil erstellt um jemanden auszuspionieren.,Eu nunca nunca criei um perfil falso numa app de encontros para espiar.,æˆ‘ä»Žæœªåœ¨äº¤å‹è½¯ä»¶ä¸Šåˆ›å»ºå‡èµ„æ–™åŽ»å·çœ‹åˆ«äººã€‚
104,Yo nunca nunca he pasado un momento vergonzoso durante un momento intimo.,I have never ever had an embarrassing moment during an intimate situation.,Je n'ai jamais vecu un moment embarrassant pendant un moment intime.,Non ho mai avuto un momento imbarazzante durante un momento intimo.,Ich hatte noch nie einen peinlichen Moment in einer intimen Situation.,Eu nunca nunca passei um momento embaracoso durante um momento intimo.,æˆ‘ä»Žæœªåœ¨äº²å¯†æ—¶åˆ»ç»åŽ†è¿‡å°´å°¬çš„äº‹ã€‚
105,Yo nunca nunca he mentido sobre mi estado sentimental en redes sociales.,I have never ever lied about my relationship status on social media.,Je n'ai jamais menti sur mon statut amoureux sur les reseaux sociaux.,Non ho mai mentito sul mio stato sentimentale sui social.,Ich habe noch nie ueber meinen Beziehungsstatus in sozialen Medien gelogen.,Eu nunca nunca menti sobre o meu estado sentimental nas redes sociais.,æˆ‘ä»Žæœªåœ¨ç¤¾äº¤åª’ä½“ä¸Šè°ŽæŠ¥æ‹çˆ±çŠ¶æ€ã€‚
106,Yo nunca nunca he tenido un crush con mi mejor amigo o amiga.,I have never ever had a crush on my best friend.,Je n'ai jamais eu le beguin pour mon meilleur ami ou ma meilleure amie.,Non ho mai avuto una cotta per il mio migliore amico o la mia migliore amica.,Ich hatte noch nie einen Crush auf meinen besten Freund oder meine beste Freundin.,Eu nunca nunca tive um crush pelo meu melhor amigo ou amiga.,æˆ‘ä»Žæœªæš—æ‹è¿‡è‡ªå·±çš„å¥½æœ‹å‹ã€‚
107,Yo nunca nunca he besado a alguien con comida en la boca.,I have never ever kissed someone with food in my mouth.,Je n'ai jamais embrasse quelqu'un avec de la nourriture dans la bouche.,Non ho mai baciato qualcuno con il cibo in bocca.,Ich habe noch nie jemanden mit Essen im Mund gekuesst.,Eu nunca nunca beijei alguem com comida na boca.,æˆ‘ä»Žæœªå˜´é‡Œå«ç€é£Ÿç‰©äº²è¿‡äººã€‚
108,Yo nunca nunca me he enamorado de alguien por mensajes antes de conocerlo en persona.,I have never ever fallen for someone through texts before meeting them in person.,Je n'ai jamais craque pour quelqu'un par messages avant de le rencontrer en personne.,Non mi sono mai innamorato di qualcuno via messaggi prima di incontrarlo di persona.,Ich habe mich noch nie per Nachrichten in jemanden verliebt bevor ich die Person persoenlich traf.,Eu nunca nunca me apaixonei por alguem por mensagens antes de o conhecer pessoalmente.,æˆ‘ä»Žæœªåœ¨è§é¢ä¹‹å‰å°±é€šè¿‡èŠå¤©çˆ±ä¸Šä¸€ä¸ªäººã€‚
109,Yo nunca nunca he tenido un sueno romantico con un personaje ficticio.,I have never ever had a romantic dream about a fictional character.,Je n'ai jamais fait un reve romantique avec un personnage fictif.,Non ho mai fatto un sogno romantico con un personaggio di finzione.,Ich hatte noch nie einen romantischen Traum ueber eine fiktive Figur.,Eu nunca nunca tive um sonho romantico com um personagem ficticio.,æˆ‘ä»Žæœªæ¢¦åˆ°è¿‡å’Œè™šæž„è§’è‰²çš„æµªæ¼«åœºæ™¯ã€‚
110,Yo nunca nunca me he ido a mitad de una cita.,I have never ever left in the middle of a date.,Je ne suis jamais parti au milieu d'un rendez-vous.,Non me ne sono mai andato a meta di un appuntamento.,Ich bin noch nie mitten in einem Date gegangen.,Eu nunca nunca fui embora a meio de um encontro.,æˆ‘ä»Žæœªåœ¨çº¦ä¼šä¸­é€”ç¦»å¼€ã€‚
111,Yo nunca nunca he recibido un poema o cancion escrita para mi.,I have never ever received a poem or song written for me.,Je n'ai jamais recu un poeme ou une chanson ecrite pour moi.,Non ho mai ricevuto una poesia o canzone scritta per me.,Ich habe noch nie ein Gedicht oder Lied bekommen das fuer mich geschrieben wurde.,Eu nunca nunca recebi um poema ou cancao escrita para mim.,æˆ‘ä»Žæœªæ”¶åˆ°è¿‡åˆ«äººä¸ºæˆ‘å†™çš„è¯—æˆ–æ­Œã€‚
112,Yo nunca nunca he tenido dos citas en el mismo dia.,I have never ever had two dates on the same day.,Je n'ai jamais eu deux rendez-vous le meme jour.,Non ho mai avuto due appuntamenti nello stesso giorno.,Ich hatte noch nie zwei Dates am selben Tag.,Eu nunca nunca tive dois encontros no mesmo dia.,æˆ‘ä»Žæœªåœ¨åŒä¸€å¤©çº¦ä¼šäº†ä¸¤ä¸ªäººã€‚
113,Yo nunca nunca me han pillado mirando a alguien atractivo delante de mi pareja.,I have never ever been caught checking someone out in front of my partner.,Je n'ai jamais ete surpris en train de reluquer quelqu'un devant mon partenaire.,Non sono mai stato beccato a guardare qualcuno di attraente davanti al mio partner.,Ich wurde noch nie dabei erwischt wie ich vor meinem Partner jemand Attraktives angeschaut habe.,Eu nunca nunca fui apanhado a olhar para alguem atraente a frente do meu parceiro.,æˆ‘ä»Žæœªåœ¨ä¼´ä¾£é¢å‰å·çœ‹åˆ«äººè¢«æŠ“åˆ°ã€‚
114,Yo nunca nunca he comparado mi relacion con una de las peliculas.,I have never ever compared my relationship to one in the movies.,Je n'ai jamais compare ma relation a une histoire de film.,Non ho mai paragonato la mia relazione a una dei film.,Ich habe noch nie meine Beziehung mit einer aus den Filmen verglichen.,Eu nunca nunca comparei a minha relacao com uma dos filmes.,æˆ‘ä»Žæœªæ‹¿è‡ªå·±çš„æ‹æƒ…å’Œç”µå½±é‡Œçš„æ¯”ã€‚
115,Yo nunca nunca he compartido un batido o bebida de forma romantica.,I have never ever shared a milkshake or drink romantically.,Je n'ai jamais partage un milkshake ou une boisson de facon romantique.,Non ho mai condiviso un frappÃ© o una bevanda in modo romantico.,Ich habe noch nie einen Milchshake oder ein Getraenk romantisch geteilt.,Eu nunca nunca partilhei um batido ou bebida de forma romantica.,æˆ‘ä»Žæœªæµªæ¼«åœ°å…±äº«è¿‡ä¸€æ¯å¥¶æ˜”æˆ–é¥®æ–™ã€‚
116,Yo nunca nunca he mentido sobre mi tipo ideal para impresionar a alguien.,I have never ever lied about my type to impress someone.,Je n'ai jamais menti sur mon type ideal pour impressionner quelqu'un.,Non ho mai mentito sul mio tipo ideale per impressionare qualcuno.,Ich habe noch nie ueber meinen Typ gelogen um jemanden zu beeindrucken.,Eu nunca nunca menti sobre o meu tipo ideal para impressionar alguem.,æˆ‘ä»Žæœªä¸ºäº†æ‰“åŠ¨æŸäººè€Œè°Žç§°è‡ªå·±çš„ç†æƒ³åž‹ã€‚
117,Yo nunca nunca he tenido una conversacion coqueta y luego me he puesto nervioso.,I have never ever had a flirty conversation and then panicked.,Je n'ai jamais eu une conversation coquette et panique ensuite.,Non ho mai avuto una conversazione civettuola e poi sono andato nel panico.,Ich habe noch nie ein flirtiges Gespraech gefuehrt und danach Panik bekommen.,Eu nunca nunca tive uma conversa flirty e depois entrei em panico.,æˆ‘ä»Žæœªåœ¨æš§æ˜§èŠå¤©åŽçªç„¶ç´§å¼ èµ·æ¥ã€‚
118,Yo nunca nunca he stalkeado al ex de mi crush en redes sociales.,I have never ever stalked my crush's ex on social media.,Je n'ai jamais stalke l'ex de mon crush sur les reseaux sociaux.,Non ho mai stalkerato l'ex del mio crush sui social.,Ich habe noch nie den Ex meines Schwarms in sozialen Medien gestalkt.,Eu nunca nunca stalkei o ex do meu crush nas redes sociais.,æˆ‘ä»Žæœªåœ¨ç¤¾äº¤åª’ä½“ä¸Šå·çœ‹æš—æ‹å¯¹è±¡çš„å‰ä»»ã€‚
119,Yo nunca nunca he cambiado mi aspecto para atraer a alguien.,I have never ever changed my appearance to attract someone.,Je n'ai jamais change mon apparence pour attirer quelqu'un.,Non ho mai cambiato il mio aspetto per attirare qualcuno.,Ich habe noch nie mein Aussehen veraendert um jemanden anzuziehen.,Eu nunca nunca mudei a minha aparencia para atrair alguem.,æˆ‘ä»Žæœªä¸ºäº†å¸å¼•æŸäººè€Œæ”¹å˜å¤–è²Œã€‚
120,Yo nunca nunca he ensayado lo que iba a decir antes de declararme.,I have never ever rehearsed what to say before asking someone out.,Je n'ai jamais repete ce que j'allais dire avant de me declarer.,Non ho mai provato cosa dire prima di dichiararmi.,Ich habe noch nie geuebt was ich sage bevor ich jemanden nach einem Date fragte.,Eu nunca nunca ensaiei o que ia dizer antes de me declarar.,æˆ‘ä»Žæœªåœ¨è¡¨ç™½å‰æŽ’ç»ƒè¦è¯´ä»€ä¹ˆã€‚
121,Yo nunca nunca he buscado en Google como ligar.,I have never ever googled how to flirt.,Je n'ai jamais cherche sur Google comment draguer.,Non ho mai cercato su Google come flirtare.,Ich habe noch nie gegoogelt wie man flirtet.,Eu nunca nunca pesquisei no Google como engatar.,æˆ‘ä»Žæœªåœ¨ç½‘ä¸Šæœè¿‡æ€Žä¹ˆæ’©äººã€‚
122,Yo nunca nunca he enviado un mensaje arriesgado y me he arrepentido al instante.,I have never ever sent a risky message and immediately regretted it.,Je n'ai jamais envoye un message risque et immediatement regrette.,Non ho mai mandato un messaggio rischioso e me ne sono pentito subito.,Ich habe noch nie eine riskante Nachricht geschickt und es sofort bereut.,Eu nunca nunca enviei uma mensagem arriscada e me arrependi logo.,æˆ‘ä»Žæœªå‘äº†ä¸€æ¡å†’é™©çš„æ¶ˆæ¯ç„¶åŽé©¬ä¸Šå°±åŽæ‚”ã€‚
123,Yo nunca nunca he mentido sobre tener una cita para parecer mas popular.,I have never ever lied about having a date to seem more popular.,Je n'ai jamais menti sur le fait d'avoir un rendez-vous pour paraitre plus populaire.,Non ho mai mentito sull'avere un appuntamento per sembrare piu popolare.,Ich habe noch nie darueber gelogen ein Date zu haben um beliebter zu wirken.,Eu nunca nunca menti sobre ter um encontro para parecer mais popular.,æˆ‘ä»Žæœªè°Žç§°æœ‰çº¦ä¼šæ¥æ˜¾å¾—å—æ¬¢è¿Žã€‚
124,Yo nunca nunca he tenido un crush durante anos sin decirselo.,I have never ever had a crush for years without telling them.,Je n'ai jamais eu le beguin pour quelqu'un pendant des annees sans le dire.,Non ho mai avuto una cotta per anni senza dirlo.,Ich hatte noch nie jahrelang einen Crush ohne es der Person zu sagen.,Eu nunca nunca tive um crush durante anos sem dizer.,æˆ‘ä»Žæœªæš—æ‹äº†å¥½å‡ å¹´éƒ½æ²¡è¯´å‡ºå£ã€‚
125,Yo nunca nunca he intentado dar celos a mi ex en redes sociales.,I have never ever tried to make my ex jealous on social media.,Je n'ai jamais essaye de rendre mon ex jaloux sur les reseaux sociaux.,Non ho mai provato a far ingelosire il mio ex sui social.,Ich habe noch nie versucht meinen Ex in sozialen Medien eifersuechtig zu machen.,Eu nunca nunca tentei fazer ciumes ao meu ex nas redes sociais.,æˆ‘ä»Žæœªè¯•å›¾åœ¨ç¤¾äº¤åª’ä½“ä¸Šè®©å‰ä»»åƒé†‹ã€‚
126,Yo nunca nunca he fingido chocar por accidente con alguien que me gustaba.,I have never ever pretended to accidentally bump into someone I liked.,Je n'ai jamais fait semblant de croiser par hasard quelqu'un qui me plaisait.,Non ho mai finto di incontrare per caso qualcuno che mi piaceva.,Ich habe noch nie so getan als wuerde ich zufaellig in jemanden reinlaufen der mir gefiel.,Eu nunca nunca fingi esbarrar por acidente com alguem de quem gostava.,æˆ‘ä»Žæœªå‡è£…å¶ç„¶ç¢°åˆ°å–œæ¬¢çš„äººã€‚
127,Yo nunca nunca he tenido un crush con dos personas al mismo tiempo.,I have never ever had a crush on two people at the same time.,Je n'ai jamais eu le beguin pour deux personnes en meme temps.,Non ho mai avuto una cotta per due persone allo stesso tempo.,Ich hatte noch nie gleichzeitig einen Crush auf zwei Personen.,Eu nunca nunca tive um crush por duas pessoas ao mesmo tempo.,æˆ‘ä»ŽæœªåŒæ—¶æš—æ‹ä¸¤ä¸ªäººã€‚
128,Yo nunca nunca he inventado una excusa para hablar con mi crush.,I have never ever made up an excuse just to talk to my crush.,Je n'ai jamais invente une excuse juste pour parler a mon crush.,Non ho mai inventato una scusa solo per parlare con il mio crush.,Ich habe noch nie eine Ausrede erfunden nur um mit meinem Schwarm zu reden.,Eu nunca nunca inventei uma desculpa so para falar com o meu crush.,æˆ‘ä»Žæœªç¼–é€ å€Ÿå£åªä¸ºå’Œæš—æ‹çš„äººè¯´è¯ã€‚
129,Yo nunca nunca me han roto el corazon alguien con quien ni siquiera sali.,I have never ever had my heart broken by someone I never even dated.,Je n'ai jamais eu le coeur brise par quelqu'un avec qui je ne suis jamais sorti.,Non ho mai avuto il cuore spezzato da qualcuno con cui non sono mai uscito.,Mir wurde noch nie das Herz von jemandem gebrochen mit dem ich nie zusammen war.,Eu nunca nunca me partiram o coracao por alguem com quem nem sequer sai.,æˆ‘ä»Žæœªè¢«ä¸€ä¸ªæ ¹æœ¬æ²¡äº¤å¾€è¿‡çš„äººä¼¤é€äº†å¿ƒã€‚
130,Yo nunca nunca he hecho match con alguien que ya conocia en una app de citas.,I have never ever matched with someone I already knew on a dating app.,Je n'ai jamais matche avec quelqu'un que je connaissais deja sur une app de rencontre.,Non ho mai fatto match con qualcuno che gia conoscevo su un'app di incontri.,Ich habe noch nie auf einer Dating-App mit jemandem gematcht den ich schon kannte.,Eu nunca nunca fiz match com alguem que ja conhecia numa app de encontros.,æˆ‘ä»Žæœªåœ¨äº¤å‹è½¯ä»¶ä¸Šè·Ÿå·²ç»è®¤è¯†çš„äººé…å¯¹ã€‚
131,Yo nunca nunca he hecho captura de una conversacion con mi crush.,I have never ever screenshotted a conversation with my crush.,Je n'ai jamais fait une capture d'ecran d'une conversation avec mon crush.,Non ho mai fatto uno screenshot di una conversazione con il mio crush.,Ich habe noch nie einen Screenshot einer Unterhaltung mit meinem Schwarm gemacht.,Eu nunca nunca fiz captura de uma conversa com o meu crush.,æˆ‘ä»Žæœªæˆªå›¾è¿‡å’Œæš—æ‹å¯¹è±¡çš„èŠå¤©è®°å½•ã€‚
132,Yo nunca nunca he escrito y borrado un mensaje de confesion varias veces.,I have never ever written and deleted a confession message multiple times.,Je n'ai jamais ecrit et efface un message de confession plusieurs fois.,Non ho mai scritto e cancellato un messaggio di confessione piu volte.,Ich habe noch nie eine Gestaendnis-Nachricht mehrmals geschrieben und geloescht.,Eu nunca nunca escrevi e apaguei uma mensagem de confissao varias vezes.,æˆ‘ä»Žæœªåå¤å†™äº†åˆåˆ è¡¨ç™½æ¶ˆæ¯ã€‚
133,Yo nunca nunca me he enamorado de vacaciones y nunca mas he vuelto a ver a esa persona.,I have never ever fallen in love on vacation and never seen that person again.,Je n'ai jamais craque en vacances pour quelqu'un que je n'ai jamais revu.,Non mi sono mai innamorato in vacanza di qualcuno che non ho mai piu rivisto.,Ich habe mich noch nie im Urlaub verliebt und die Person nie wieder gesehen.,Eu nunca nunca me apaixonei de ferias e nunca mais vi essa pessoa.,æˆ‘ä»Žæœªåœ¨åº¦å‡æ—¶çˆ±ä¸ŠæŸäººç„¶åŽå†ä¹Ÿæ²¡è§è¿‡ã€‚
134,Yo nunca nunca he tenido una despedida confusa entre beso y abrazo.,I have never ever had an awkward goodbye mixing up a kiss and a hug.,Je n'ai jamais eu un au revoir maladroit entre bise et calin.,Non ho mai avuto un addio imbarazzante tra bacio e abbraccio.,Ich hatte noch nie einen peinlichen Abschied mit Verwechslung von Kuss und Umarmung.,Eu nunca nunca tive uma despedida confusa entre beijo e abraco.,æˆ‘ä»Žæœªåœ¨é“åˆ«æ—¶æžæ··äº†è¯¥äº²è¿˜æ˜¯è¯¥æŠ±ã€‚
135,Yo nunca nunca he hecho una playlist pensando en alguien en especial.,I have never ever made a playlist while thinking of someone specific.,Je n'ai jamais cree une playlist en pensant a quelqu'un en particulier.,Non ho mai creato una playlist pensando a qualcuno in particolare.,Ich habe noch nie eine Playlist erstellt waehrend ich an jemand Bestimmtes dachte.,Eu nunca nunca fiz uma playlist a pensar em alguem em especial.,æˆ‘ä»Žæœªä¸€è¾¹æƒ³ç€ç‰¹å®šçš„äººä¸€è¾¹åšæ­Œå•ã€‚
136,Yo nunca nunca he alargado una despedida para pasar mas tiempo con alguien.,I have never ever stalled a goodbye to spend more time with someone.,Je n'ai jamais prolonge un au revoir pour passer plus de temps avec quelqu'un.,Non ho mai allungato un addio per passare piu tempo con qualcuno.,Ich habe noch nie einen Abschied hinausgezoegtert um mehr Zeit mit jemandem zu verbringen.,Eu nunca nunca prolonguei uma despedida para passar mais tempo com alguem.,æˆ‘ä»Žæœªæ‹–å»¶å‘Šåˆ«æ¥å¤šå’ŒæŸäººå¾…ä¸€ä¼šå„¿ã€‚
137,Yo nunca nunca he mentido sobre lo que estaba haciendo mientras escribia a mi crush.,I have never ever lied about what I was doing while texting my crush.,Je n'ai jamais menti sur ce que je faisais pendant que j'ecrivais a mon crush.,Non ho mai mentito su cosa stavo facendo mentre scrivevo al mio crush.,Ich habe noch nie darueber gelogen was ich gerade machte waehrend ich meinem Schwarm schrieb.,Eu nunca nunca menti sobre o que estava a fazer enquanto escrevia ao meu crush.,æˆ‘ä»Žæœªåœ¨ç»™æš—æ‹å¯¹è±¡å‘æ¶ˆæ¯æ—¶æ’’è°Žè¯´è‡ªå·±åœ¨åšåˆ«çš„äº‹ã€‚
138,Yo nunca nunca me ha gustado alguien solo porque fue amable conmigo una vez.,I have never ever developed a crush on someone just because they were nice to me once.,Je n'ai jamais craque pour quelqu'un juste parce qu'il a ete gentil avec moi une fois.,Non ho mai avuto una cotta per qualcuno solo perche e stato gentile con me una volta.,Ich hatte noch nie einen Crush auf jemanden nur weil die Person einmal nett zu mir war.,Eu nunca nunca comecei a gostar de alguem so porque foi simpatico comigo uma vez.,æˆ‘ä»Žæœªå› ä¸ºæŸäººå¯¹æˆ‘å¥½äº†ä¸€æ¬¡å°±å–œæ¬¢ä¸Šå¯¹æ–¹ã€‚
139,Yo nunca nunca he guardado un mensaje de voz de alguien que me gustaba.,I have never ever saved a voicemail from someone I liked.,Je n'ai jamais garde un message vocal de quelqu'un qui me plaisait.,Non ho mai salvato un messaggio vocale di qualcuno che mi piaceva.,Ich habe noch nie eine Sprachnachricht von jemandem aufbewahrt den ich mochte.,Eu nunca nunca guardei uma mensagem de voz de alguem de quem gostava.,æˆ‘ä»Žæœªä¿å­˜è¿‡å–œæ¬¢çš„äººå‘æ¥çš„è¯­éŸ³ã€‚
140,Yo nunca nunca he tenido una cena romantica conmigo mismo.,I have never ever had a romantic dinner by myself.,Je n'ai jamais eu un diner romantique avec moi-meme.,Non ho mai avuto una cena romantica con me stesso.,Ich hatte noch nie ein romantisches Abendessen mit mir selbst.,Eu nunca nunca tive um jantar romantico comigo mesmo.,æˆ‘ä»Žæœªä¸€ä¸ªäººæµªæ¼«åœ°åƒè¿‡çƒ›å…‰æ™šé¤ã€‚
141,Yo nunca nunca he empezado a vestirme diferente por un crush.,I have never ever started dressing differently because of a crush.,Je n'ai jamais commence a m'habiller differemment a cause d'un crush.,Non ho mai iniziato a vestirmi diversamente per un crush.,Ich habe noch nie angefangen mich anders zu kleiden wegen eines Schwarms.,Eu nunca nunca comecei a vestir-me diferente por causa de um crush.,æˆ‘ä»Žæœªå› ä¸ºæš—æ‹ä¸€ä¸ªäººè€Œå¼€å§‹æ”¹å˜ç©¿è¡£é£Žæ ¼ã€‚
142,Yo nunca nunca he descubierto que mi crush gustaba de otra persona y fingido que no me importaba.,I have never ever found out my crush liked someone else and pretended not to care.,Je n'ai jamais appris que mon crush aimait quelqu'un d'autre et fait semblant que ca m'etait egal.,Non ho mai scoperto che il mio crush apprezzava qualcun altro e finto che non mi importasse.,Ich habe noch nie erfahren dass mein Schwarm jemand anderen mag und so getan als waere es mir egal.,Eu nunca nunca descobri que o meu crush gostava de outra pessoa e fingi que nao me importava.,æˆ‘ä»Žæœªå‘çŽ°æš—æ‹çš„äººå–œæ¬¢åˆ«äººç„¶åŽå‡è£…ä¸åœ¨ä¹Žã€‚
143,Yo nunca nunca he repetido mentalmente un cumplido que me hizo mi crush.,I have never ever replayed a compliment from my crush in my head.,Je n'ai jamais repasse dans ma tete un compliment de mon crush.,Non ho mai ripetuto mentalmente un complimento del mio crush.,Ich habe noch nie ein Kompliment von meinem Schwarm im Kopf wiederholt.,Eu nunca nunca repeti mentalmente um elogio que o meu crush me fez.,æˆ‘ä»Žæœªåœ¨è„‘æµ·é‡Œåå¤å›žæ”¾æš—æ‹å¯¹è±¡ç»™æˆ‘çš„å¤¸å¥–ã€‚
144,Yo nunca nunca he tenido un crush con el padre o la madre de un amigo.,I have never ever had a crush on a friend's parent.,Je n'ai jamais eu le beguin pour le pere ou la mere d'un ami.,Non ho mai avuto una cotta per il padre o la madre di un amico.,Ich hatte noch nie einen Crush auf den Vater oder die Mutter eines Freundes.,Eu nunca nunca tive um crush pelo pai ou mae de um amigo.,æˆ‘ä»Žæœªæš—æ‹è¿‡æœ‹å‹çš„çˆ¸çˆ¸æˆ–å¦ˆå¦ˆã€‚
145,Yo nunca nunca he usado una frase para ligar con alguien.,I have never ever used a pick-up line on someone.,Je n'ai jamais utilise une phrase d'accroche sur quelqu'un.,Non ho mai usato una frase per rimorchiare qualcuno.,Ich habe noch nie einen Anmachspruch bei jemandem benutzt.,Eu nunca nunca usei uma frase de engate com alguem.,æˆ‘ä»Žæœªå¯¹äººç”¨è¿‡æ­è®ªè¯­å¥ã€‚
146,Yo nunca nunca he tenido un primer beso que fue realmente incomodo.,I have never ever had a first kiss that was really awkward.,Je n'ai jamais eu un premier baiser vraiment maladroit.,Non ho mai avuto un primo bacio davvero imbarazzante.,Ich hatte noch nie einen ersten Kuss der wirklich unangenehm war.,Eu nunca nunca tive um primeiro beijo que foi muito constrangedor.,æˆ‘ä»Žæœªæœ‰è¿‡ä¸€ä¸ªç‰¹åˆ«å°´å°¬çš„åˆå»ã€‚
147,Yo nunca nunca he salido con alguien que se parecia a mi ex.,I have never ever dated someone who looked like my ex.,Je ne suis jamais sorti avec quelqu'un qui ressemblait a mon ex.,Non sono mai uscito con qualcuno che assomigliava al mio ex.,Ich bin noch nie mit jemandem ausgegangen der meinem Ex aehnlich sah.,Eu nunca nunca sai com alguem que se parecia com o meu ex.,æˆ‘ä»Žæœªå’Œé•¿å¾—åƒå‰ä»»çš„äººçº¦ä¼šã€‚
148,Yo nunca nunca he seguido a alguien que me gustaba a una clase o actividad.,I have never ever followed someone I liked to a class or activity.,Je n'ai jamais suivi quelqu'un qui me plaisait a un cours ou une activite.,Non ho mai seguito qualcuno che mi piaceva a un corso o un'attivita.,Ich bin noch nie jemandem den ich mochte zu einem Kurs oder einer Aktivitaet gefolgt.,Eu nunca nunca segui alguem de quem gostava para uma aula ou atividade.,æˆ‘ä»Žæœªè·Ÿç€å–œæ¬¢çš„äººåŽ»ä¸ŠåŒä¸€é—¨è¯¾æˆ–æ´»åŠ¨ã€‚
149,Yo nunca nunca he tardado demasiado en elegir el mensaje perfecto para mi crush.,I have never ever spent way too long choosing the perfect text to send my crush.,Je n'ai jamais passe trop de temps a choisir le message parfait pour mon crush.,Non ho mai impiegato troppo tempo a scegliere il messaggio perfetto per il mio crush.,Ich habe noch nie viel zu lange gebraucht um die perfekte Nachricht fuer meinen Schwarm zu schreiben.,Eu nunca nunca demorei demasiado a escolher a mensagem perfeita para o meu crush.,æˆ‘ä»ŽæœªèŠ±å¤ªé•¿æ—¶é—´æ–Ÿé…Œç»™æš—æ‹å¯¹è±¡å‘çš„æ¶ˆæ¯ã€‚
150,Yo nunca nunca me he enamorado de alguien sin saber su nombre.,I have never ever fallen for someone without knowing their name.,Je n'ai jamais craque pour quelqu'un sans connaitre son prenom.,Non mi sono mai innamorato di qualcuno senza sapere il suo nome.,Ich habe mich noch nie in jemanden verliebt ohne dessen Namen zu kennen.,Eu nunca nunca me apaixonei por alguem sem saber o nome.,æˆ‘ä»Žæœªåœ¨ä¸çŸ¥é“åå­—çš„æƒ…å†µä¸‹å–œæ¬¢ä¸Šä¸€ä¸ªäººã€‚
151,Yo nunca nunca me he despertado pensando en alguien que me gusta.,I have never ever woken up thinking about someone I like.,Je ne me suis jamais reveille en pensant a quelqu'un qui me plait.,Non mi sono mai svegliato pensando a qualcuno che mi piace.,Ich bin noch nie aufgewacht und habe an jemanden gedacht den ich mag.,Eu nunca nunca acordei a pensar em alguem de quem gosto.,æˆ‘ä»Žæœªé†’æ¥æ—¶è„‘å­é‡Œæƒ³çš„å°±æ˜¯å–œæ¬¢çš„äººã€‚
152,Yo nunca nunca he hecho una lista de pros y contras sobre alguien con quien salia.,I have never ever made a pros and cons list about someone I was dating.,Je n'ai jamais fait une liste pour et contre sur quelqu'un avec qui je sortais.,Non ho mai fatto una lista di pro e contro su qualcuno con cui uscivo.,Ich habe noch nie eine Pro-und-Contra-Liste ueber jemanden gemacht mit dem ich zusammen war.,Eu nunca nunca fiz uma lista de pros e contras sobre alguem com quem saia.,æˆ‘ä»Žæœªä¸ºçº¦ä¼šå¯¹è±¡åˆ—è¿‡ä¼˜ç¼ºç‚¹æ¸…å•ã€‚
153,Yo nunca nunca he practicado decir te quiero frente al espejo.,I have never ever practiced saying I love you in front of a mirror.,Je n'ai jamais repete de dire je t'aime devant le miroir.,Non ho mai provato a dire ti amo davanti allo specchio.,Ich habe noch nie Ich liebe dich vor dem Spiegel geuebt.,Eu nunca nunca pratiquei dizer amo-te em frente ao espelho.,æˆ‘ä»Žæœªå¯¹ç€é•œå­ç»ƒä¹ è¯´æˆ‘çˆ±ä½ ã€‚
154,Yo nunca nunca he ido a un lugar esperando encontrarme con mi crush.,I have never ever gone somewhere hoping to run into my crush.,Je ne suis jamais alle quelque part en esperant croiser mon crush.,Non sono mai andato da qualche parte sperando di incontrare il mio crush.,Ich bin noch nie irgendwo hingegangen in der Hoffnung meinen Schwarm zu treffen.,Eu nunca nunca fui a algum lugar a esperar encontrar o meu crush.,æˆ‘ä»ŽæœªåŽ»æŸä¸ªåœ°æ–¹æ˜¯ä¸ºäº†å¶é‡æš—æ‹çš„äººã€‚
155,Yo nunca nunca he inventado escenarios de futuras citas en mi cabeza.,I have never ever imagined scenarios of future dates in my head.,Je n'ai jamais imagine des scenarios de futurs rendez-vous dans ma tete.,Non ho mai immaginato scenari di futuri appuntamenti nella mia testa.,Ich habe noch nie Szenarien fuer zukuenftige Dates in meinem Kopf erdacht.,Eu nunca nunca inventei cenarios de futuros encontros na minha cabeca.,æˆ‘ä»Žæœªåœ¨è„‘æµ·ä¸­å¹»æƒ³è¿‡æœªæ¥çš„çº¦ä¼šåœºæ™¯ã€‚
156,Yo nunca nunca he tenido un crush que empezo con una discusion.,I have never ever had a crush that started from an argument.,Je n'ai jamais eu le beguin pour quelqu'un a partir d'une dispute.,Non ho mai avuto una cotta iniziata da una discussione.,Ich hatte noch nie einen Crush der mit einem Streit anfing.,Eu nunca nunca tive um crush que comecou com uma discussao.,æˆ‘ä»Žæœªå› ä¸ºä¸€æ¬¡äº‰è®ºè€Œå¼€å§‹æš—æ‹æŸäººã€‚
157,Yo nunca nunca he fingido odiar a alguien que en realidad me gustaba.,I have never ever pretended to hate someone I actually liked.,Je n'ai jamais fait semblant de detester quelqu'un qui me plaisait en fait.,Non ho mai finto di odiare qualcuno che in realta mi piaceva.,Ich habe noch nie so getan als wuerde ich jemanden hassen den ich eigentlich mochte.,Eu nunca nunca fingi odiar alguem de quem na verdade gostava.,æˆ‘ä»Žæœªå‡è£…è®¨åŽŒä¸€ä¸ªå®žé™…ä¸Šå–œæ¬¢çš„äººã€‚
158,Yo nunca nunca he escuchado una cancion de despecho en bucle despues de un rechazo.,I have never ever listened to a breakup song on repeat after being rejected.,Je n'ai jamais ecoute une chanson de rupture en boucle apres avoir ete rejete.,Non ho mai ascoltato una canzone di rottura in loop dopo essere stato rifiutato.,Ich habe noch nie nach einer Abfuhr ein Trenungslied in Dauerschleife gehoert.,Eu nunca nunca ouvi uma musica de desgosto em loop depois de ser rejeitado.,æˆ‘ä»Žæœªåœ¨è¢«æ‹’ç»åŽå¾ªçŽ¯æ’­æ”¾å¤±æ‹æ­Œæ›²ã€‚
159,Yo nunca nunca me he sonrojado de forma super evidente delante de mi crush.,I have never ever blushed super obviously in front of my crush.,Je n'ai jamais rougi de facon super evidente devant mon crush.,Non sono mai arrossito in modo super evidente davanti al mio crush.,Ich bin noch nie vor meinem Schwarm offensichtlich rot geworden.,Eu nunca nunca corei de forma super evidente a frente do meu crush.,æˆ‘ä»Žæœªåœ¨æš—æ‹çš„äººé¢å‰è„¸çº¢å¾—ç‰¹åˆ«æ˜Žæ˜¾ã€‚
160,Yo nunca nunca he pedido a mis amigos que investigaran a mi crush.,I have never ever asked my friends to investigate my crush.,Je n'ai jamais demande a mes amis d'enqueter sur mon crush.,Non ho mai chiesto ai miei amici di indagare sul mio crush.,Ich habe noch nie meine Freunde gebeten meinen Schwarm auszuspionieren.,Eu nunca nunca pedi aos meus amigos para investigarem o meu crush.,æˆ‘ä»Žæœªè®©æœ‹å‹å¸®æˆ‘æ‰“æŽ¢æš—æ‹å¯¹è±¡çš„æƒ…å†µã€‚
161,Yo nunca nunca he fingido necesitar ayuda solo para hablar con alguien.,I have never ever pretended to need help just to talk to someone.,Je n'ai jamais fait semblant d'avoir besoin d'aide juste pour parler a quelqu'un.,Non ho mai finto di aver bisogno di aiuto solo per parlare con qualcuno.,Ich habe noch nie so getan als brauchte ich Hilfe nur um mit jemandem zu reden.,Eu nunca nunca fingi precisar de ajuda so para falar com alguem.,æˆ‘ä»Žæœªå‡è£…éœ€è¦å¸®å¿™åªä¸ºå’ŒæŸäººæ­è¯ã€‚
162,Yo nunca nunca me he enamorado del amigo de alguien cuando me lo presentaron.,I have never ever fallen for someone's friend when being introduced.,Je n'ai jamais craque pour l'ami de quelqu'un quand il m'a ete presente.,Non mi sono mai innamorato dell'amico di qualcuno quando me lo hanno presentato.,Ich habe mich noch nie in den Freund von jemandem verliebt als wir vorgestellt wurden.,Eu nunca nunca me apaixonei pelo amigo de alguem quando mo apresentaram.,æˆ‘ä»Žæœªåœ¨è¢«ä»‹ç»è®¤è¯†æ—¶å–œæ¬¢ä¸Šå¯¹æ–¹çš„æœ‹å‹ã€‚
163,Yo nunca nunca he cambiado mi recorrido solo para pasar por delante de alguien.,I have never ever changed my route just to walk past someone.,Je n'ai jamais change mon itineraire juste pour passer devant quelqu'un.,Non ho mai cambiato il mio percorso solo per passare davanti a qualcuno.,Ich habe noch nie meine Route geaendert nur um an jemandem vorbeizugehen.,Eu nunca nunca mudei o meu caminho so para passar por alguem.,æˆ‘ä»Žæœªç»•è·¯åªä¸ºç»è¿‡æŸäººé¢å‰ã€‚
164,Yo nunca nunca he abrazado a alguien mas tiempo de lo normal porque me gustaba.,I have never ever hugged someone longer than normal because I liked them.,Je n'ai jamais serre quelqu'un dans mes bras plus longtemps que la normale parce qu'il me plaisait.,Non ho mai abbracciato qualcuno piu a lungo del normale perche mi piaceva.,Ich habe noch nie jemanden laenger als normal umarmt weil die Person mir gefiel.,Eu nunca nunca abracei alguem mais tempo do que o normal porque gostava.,æˆ‘ä»Žæœªå› ä¸ºå–œæ¬¢ä¸€ä¸ªäººè€Œæ¯”å¹³å¸¸æŠ±å¾—æ›´ä¹…ã€‚
165,Yo nunca nunca he llamado a alguien carino o amor por error.,I have never ever accidentally called someone babe or love.,Je n'ai jamais appele quelqu'un cheri ou mon amour par erreur.,Non ho mai chiamato qualcuno tesoro o amore per errore.,Ich habe noch nie jemanden versehentlich Schatz oder Liebling genannt.,Eu nunca nunca chamei alguem querido ou amor por engano.,æˆ‘ä»Žæœªä¸å°å¿ƒå«äº†æŸäººäº²çˆ±çš„æˆ–å®è´ã€‚
166,Yo nunca nunca se me ha acelerado el corazon al recibir un mensaje de mi crush.,I have never ever had my heart race when my crush sent me a text.,Je n'ai jamais eu le coeur qui s'accelere en recevant un message de mon crush.,Non ho mai avuto il cuore che accelerava quando il mio crush mi mandava un messaggio.,Mein Herz hat noch nie geschlagen als mein Schwarm mir eine Nachricht geschickt hat.,Eu nunca nunca senti o coracao acelerar ao receber uma mensagem do meu crush.,æˆ‘ä»Žæœªæ”¶åˆ°æš—æ‹å¯¹è±¡çš„æ¶ˆæ¯æ—¶å¿ƒè·³åŠ é€Ÿã€‚
167,Yo nunca nunca me he aprendido los horarios de mi crush de memoria.,I have never ever memorized my crush's schedule.,Je n'ai jamais memorise les horaires de mon crush.,Non ho mai memorizzato gli orari del mio crush.,Ich habe noch nie den Stundenplan meines Schwarms auswendig gelernt.,Eu nunca nunca decorei os horarios do meu crush.,æˆ‘ä»ŽæœªæŠŠæš—æ‹å¯¹è±¡çš„æ—¶é—´è¡¨èƒŒä¸‹æ¥ã€‚
168,Yo nunca nunca me he enamorado de alguien que ya tenia pareja.,I have never ever fallen for someone who was already in a relationship.,Je n'ai jamais craque pour quelqu'un qui etait deja en couple.,Non mi sono mai innamorato di qualcuno che era gia impegnato.,Ich habe mich noch nie in jemanden verliebt der schon in einer Beziehung war.,Eu nunca nunca me apaixonei por alguem que ja tinha parceiro.,æˆ‘ä»Žæœªçˆ±ä¸Šå·²ç»æœ‰å¯¹è±¡çš„äººã€‚
169,Yo nunca nunca he cambiado mi foto de perfil esperando que mi crush la viera.,I have never ever changed my profile photo hoping my crush would notice.,Je n'ai jamais change ma photo de profil en esperant que mon crush la remarque.,Non ho mai cambiato la mia foto profilo sperando che il mio crush la vedesse.,Ich habe noch nie mein Profilbild geaendert in der Hoffnung dass mein Schwarm es bemerkt.,Eu nunca nunca mudei a minha foto de perfil a esperar que o meu crush reparasse.,æˆ‘ä»Žæœªæ¢å¤´åƒå¸Œæœ›æš—æ‹çš„äººèƒ½æ³¨æ„åˆ°ã€‚
170,Yo nunca nunca he hablado tanto de mi crush que mis amigos se cansaron.,I have never ever talked about my crush so much that my friends got tired of it.,Je n'ai jamais parle de mon crush au point que mes amis en ont eu marre.,Non ho mai parlato tanto del mio crush che i miei amici si sono stufati.,Ich habe noch nie so viel von meinem Schwarm erzaehlt dass meine Freunde genervt waren.,Eu nunca nunca falei tanto do meu crush que os meus amigos se fartaram.,æˆ‘ä»Žæœªè¯´æš—æ‹å¯¹è±¡è¯´åˆ°æœ‹å‹ä»¬éƒ½å¬è…»äº†ã€‚
171,Yo nunca nunca me han rechazado y he fingido que no me afectaba.,I have never ever been rejected and pretended it didn't affect me.,Je n'ai jamais ete rejete et fait semblant que ca ne m'affectait pas.,Non sono mai stato rifiutato e ho finto che non mi avesse toccato.,Ich wurde noch nie abgewiesen und habe so getan als wuerde es mich nicht betreffen.,Eu nunca nunca fui rejeitado e fingi que nao me afetava.,æˆ‘ä»Žæœªè¢«æ‹’ç»åŽå‡è£…ä¸å—å½±å“ã€‚
172,Yo nunca nunca he mirado si mi crush estaba en linea.,I have never ever checked if my crush was online.,Je n'ai jamais verifie si mon crush etait en ligne.,Non ho mai controllato se il mio crush era online.,Ich habe noch nie geschaut ob mein Schwarm online war.,Eu nunca nunca verifiquei se o meu crush estava online.,æˆ‘ä»ŽæœªæŸ¥çœ‹è¿‡æš—æ‹å¯¹è±¡æ˜¯å¦åœ¨çº¿ã€‚
173,Yo nunca nunca he imaginado un escenario donde salvaba a mi crush.,I have never ever imagined a scenario where I saved my crush.,Je n'ai jamais imagine un scenario ou je sauvais mon crush.,Non ho mai immaginato una situazione in cui salvavo il mio crush.,Ich habe noch nie ein Szenario vorgestellt in dem ich meinen Schwarm gerettet habe.,Eu nunca nunca imaginei um cenario onde salvava o meu crush.,æˆ‘ä»Žæœªå¹»æƒ³è¿‡è‡ªå·±è‹±é›„æ•‘ç¾Žæ‹¯æ•‘æš—æ‹å¯¹è±¡çš„åœºæ™¯ã€‚
174,Yo nunca nunca he buscado la compatibilidad con alguien segun el zodiaco.,I have never ever looked up compatibility with someone based on zodiac signs.,Je n'ai jamais cherche la compatibilite avec quelqu'un selon les signes du zodiaque.,Non ho mai cercato la compatibilita con qualcuno in base ai segni zodiacali.,Ich habe noch nie die Kompatibilitaet mit jemandem anhand der Sternzeichen nachgeschaut.,Eu nunca nunca pesquisei a compatibilidade com alguem segundo o zodiaco.,æˆ‘ä»Žæœªæ ¹æ®æ˜Ÿåº§æŸ¥è¿‡å’ŒæŸäººçš„é…å¯¹æŒ‡æ•°ã€‚
175,Yo nunca nunca he sonado con mi boda con alguien que apenas conocia.,I have never ever dreamed of my wedding with someone I barely knew.,Je n'ai jamais reve de mon mariage avec quelqu'un que je connaissais a peine.,Non ho mai sognato il mio matrimonio con qualcuno che conoscevo appena.,Ich habe noch nie von meiner Hochzeit mit jemandem getraeumt den ich kaum kannte.,Eu nunca nunca sonhei com o meu casamento com alguem que mal conhecia.,æˆ‘ä»Žæœªå¹»æƒ³è¿‡å’Œä¸€ä¸ªå‡ ä¹Žä¸è®¤è¯†çš„äººç»“å©šã€‚
176,Yo nunca nunca he ligado con alguien solo para practicar.,I have never ever flirted with someone just for practice.,Je n'ai jamais drague quelqu'un juste pour m'entrainer.,Non ho mai flirtato con qualcuno solo per esercitarmi.,Ich habe noch nie zum Ueben mit jemandem geflirtet.,Eu nunca nunca flertei com alguem so para praticar.,æˆ‘ä»Žæœªåªä¸ºäº†ç»ƒä¹ è€Œå’Œäººè°ƒæƒ…ã€‚
177,Yo nunca nunca he tenido un piropo de un desconocido que me alegro toda la semana.,I have never ever had a compliment from a stranger make my entire week.,Je n'ai jamais eu un compliment d'un inconnu qui a illumine toute ma semaine.,Non ho mai ricevuto un complimento da uno sconosciuto che mi ha rallegrato tutta la settimana.,Ich habe noch nie ein Kompliment von einem Fremden bekommen das meine ganze Woche verschoenert hat.,Eu nunca nunca recebi um elogio de um desconhecido que me alegrou a semana toda.,æˆ‘ä»Žæœªå› ä¸ºé™Œç”Ÿäººçš„ä¸€å¥å¤¸å¥–å¼€å¿ƒäº†ä¸€æ•´å‘¨ã€‚
178,Yo nunca nunca me he enamorado de alguien al escuchar su risa.,I have never ever fallen for someone after hearing them laugh.,Je n'ai jamais craque pour quelqu'un en entendant son rire.,Non mi sono mai innamorato di qualcuno dopo aver sentito la sua risata.,Ich habe mich noch nie in jemanden verliebt nachdem ich dessen Lachen gehoert habe.,Eu nunca nunca me apaixonei por alguem ao ouvir a sua risada.,æˆ‘ä»Žæœªå¬åˆ°æŸäººçš„ç¬‘å£°å°±å¿ƒåŠ¨äº†ã€‚
179,Yo nunca nunca he cambiado mis gustos musicales para coincidir con los de mi crush.,I have never ever changed my music taste to match my crush's.,Je n'ai jamais change mes gouts musicaux pour correspondre a ceux de mon crush.,Non ho mai cambiato i miei gusti musicali per farli coincidere con quelli del mio crush.,Ich habe noch nie meinen Musikgeschmack geaendert um mit dem meines Schwarms uebereinzustimmen.,Eu nunca nunca mudei os meus gostos musicais para coincidir com os do meu crush.,æˆ‘ä»Žæœªä¸ºäº†å’Œæš—æ‹çš„äººæœ‰å…±åŒè¯é¢˜è€Œæ”¹å˜éŸ³ä¹å£å‘³ã€‚
180,Yo nunca nunca he tenido un crush con alguien de una pelicula o serie.,I have never ever had a crush on someone from a movie or TV show.,Je n'ai jamais eu le beguin pour quelqu'un d'un film ou d'une serie.,Non ho mai avuto una cotta per qualcuno di un film o serie TV.,Ich hatte noch nie einen Crush auf jemanden aus einem Film oder einer Serie.,Eu nunca nunca tive um crush por alguem de um filme ou serie.,æˆ‘ä»Žæœªæš—æ‹è¿‡ç”µå½±æˆ–ç”µè§†å‰§é‡Œçš„äººã€‚
181,Yo nunca nunca he escrito te quiero en el vaho de un espejo pensando en alguien.,I have never ever written I love you on a fogged-up mirror thinking of someone.,Je n'ai jamais ecrit je t'aime sur un miroir embue en pensant a quelqu'un.,Non ho mai scritto ti amo sullo specchio appannato pensando a qualcuno.,Ich habe noch nie Ich liebe dich auf einen beschlagenen Spiegel geschrieben und dabei an jemanden gedacht.,Eu nunca nunca escrevi amo-te num espelho embacado a pensar em alguem.,æˆ‘ä»Žæœªåœ¨èµ·é›¾çš„é•œå­ä¸Šå†™æˆ‘çˆ±ä½ å¹¶å¿ƒé‡Œæƒ³ç€æŸäººã€‚
182,Yo nunca nunca he ensayado mi reaccion para cuando mi crush me hable.,I have never ever practiced my reaction for when my crush talks to me.,Je n'ai jamais repete ma reaction pour quand mon crush me parle.,Non ho mai provato la mia reazione per quando il mio crush mi parla.,Ich habe noch nie meine Reaktion geuebt fuer den Fall dass mein Schwarm mit mir spricht.,Eu nunca nunca ensaiei a minha reacao para quando o meu crush fala comigo.,æˆ‘ä»ŽæœªæŽ’ç»ƒè¿‡æš—æ‹çš„äººè·Ÿæˆ‘è¯´è¯æ—¶è¯¥æ€Žä¹ˆååº”ã€‚
183,Yo nunca nunca me he enamorado de alguien por internet sin haberlo conocido en persona.,I have never ever fallen for someone online without ever meeting them in person.,Je n'ai jamais craque pour quelqu'un en ligne sans jamais l'avoir rencontre en personne.,Non mi sono mai innamorato di qualcuno online senza averlo mai incontrato di persona.,Ich habe mich noch nie in jemanden aus dem Internet verliebt ohne die Person je getroffen zu haben.,Eu nunca nunca me apaixonei por alguem online sem o ter conhecido pessoalmente.,æˆ‘ä»Žæœªçˆ±ä¸Šç½‘ç»œä¸Šä»Žæœªè§è¿‡é¢çš„äººã€‚
184,Yo nunca nunca me han pedido salir y me he quedado sin saber que decir.,I have never ever been asked out and panicked instead of answering.,Je n'ai jamais ete invite a sortir et panique au lieu de repondre.,Non mi hanno mai chiesto di uscire e sono andato nel panico invece di rispondere.,Ich wurde noch nie nach einem Date gefragt und habe statt zu antworten panisch reagiert.,Eu nunca nunca me convidaram para sair e fiquei sem saber o que dizer.,æˆ‘ä»Žæœªè¢«äººçº¦ç„¶åŽç´§å¼ åˆ°ä¸çŸ¥é“è¯´ä»€ä¹ˆã€‚
185,Yo nunca nunca he sonado despierto con una boda que no he planeado.,I have never ever daydreamed about a wedding I haven't even planned.,Je n'ai jamais reve eveille d'un mariage que je n'ai meme pas planifie.,Non ho mai sognato a occhi aperti un matrimonio che non ho nemmeno pianificato.,Ich habe noch nie von einer Hochzeit getraeumt die ich gar nicht geplant habe.,Eu nunca nunca sonhei acordado com um casamento que nem planei.,æˆ‘ä»Žæœªç™½æ—¥æ¢¦è¿‡ä¸€åœºè¿˜æ²¡è®¡åˆ’çš„å©šç¤¼ã€‚
186,Yo nunca nunca he buscado consejos de amor en internet.,I have never ever looked up love advice on the internet.,Je n'ai jamais cherche des conseils amoureux sur internet.,Non ho mai cercato consigli d'amore su internet.,Ich habe noch nie Liebestipps im Internet gesucht.,Eu nunca nunca procurei conselhos amorosos na internet.,æˆ‘ä»Žæœªåœ¨ç½‘ä¸Šæœè¿‡æ‹çˆ±å»ºè®®ã€‚
187,Yo nunca nunca he tenido un crush tan fuerte que no podia hablar delante de esa persona.,I have never ever had a crush so intense I couldn't speak around them.,Je n'ai jamais eu un crush si intense que je ne pouvais pas parler devant cette personne.,Non ho mai avuto una cotta cosi forte da non riuscire a parlare di fronte a quella persona.,Ich hatte noch nie einen so starken Crush dass ich in dessen Naehe nicht sprechen konnte.,Eu nunca nunca tive um crush tao forte que nao conseguia falar a frente dessa pessoa.,æˆ‘ä»Žæœªæš—æ‹åˆ°åœ¨å¯¹æ–¹é¢å‰è¯´ä¸å‡ºè¯æ¥ã€‚
188,Yo nunca nunca he mirado el estado sentimental de alguien antes de acercarme.,I have never ever checked someone's relationship status before approaching them.,Je n'ai jamais verifie le statut amoureux de quelqu'un avant de l'aborder.,Non ho mai controllato lo stato sentimentale di qualcuno prima di avvicinarmi.,Ich habe noch nie den Beziehungsstatus einer Person geprueft bevor ich sie angesprochen habe.,Eu nunca nunca verifiquei o estado sentimental de alguem antes de me aproximar.,æˆ‘ä»Žæœªåœ¨æ­è®ªä¹‹å‰å…ˆæŸ¥å¯¹æ–¹æœ‰æ²¡æœ‰å¯¹è±¡ã€‚
189,Yo nunca nunca he dedicado una cancion a alguien en mi cabeza sin que lo supiera.,I have never ever dedicated a song to someone in my head without them knowing.,Je n'ai jamais dedie une chanson a quelqu'un dans ma tete sans qu'il le sache.,Non ho mai dedicato una canzone a qualcuno nella mia testa senza che lo sapesse.,Ich habe noch nie jemandem in Gedanken ein Lied gewidmet ohne dass die Person es wusste.,Eu nunca nunca dediquei uma musica a alguem na minha cabeca sem essa pessoa saber.,æˆ‘ä»Žæœªåœ¨å¿ƒé‡Œé»˜é»˜æŠŠä¸€é¦–æ­ŒçŒ®ç»™æŸäººã€‚
190,Yo nunca nunca he seguido a mi crush en todas las redes sociales.,I have never ever followed my crush on every social media platform.,Je n'ai jamais suivi mon crush sur tous les reseaux sociaux.,Non ho mai seguito il mio crush su tutti i social.,Ich bin noch nie meinem Schwarm auf allen sozialen Medien gefolgt.,Eu nunca nunca segui o meu crush em todas as redes sociais.,æˆ‘ä»Žæœªåœ¨æ‰€æœ‰ç¤¾äº¤åª’ä½“ä¸Šéƒ½å…³æ³¨äº†æš—æ‹çš„äººã€‚
191,Yo nunca nunca he sentido mariposas al cruzar la mirada con alguien.,I have never ever felt butterflies when locking eyes with someone across a room.,Je n'ai jamais eu des papillons en croisant le regard de quelqu'un dans une piece.,Non ho mai sentito le farfalle incrociando lo sguardo di qualcuno in una stanza.,Ich hatte noch nie Schmetterlinge im Bauch als sich meine Blicke mit jemandem in einem Raum kreuzten.,Eu nunca nunca senti borboletas ao cruzar o olhar com alguem numa sala.,æˆ‘ä»Žæœªåœ¨å’ŒæŸäººå¯¹è§†æ—¶æ„Ÿåˆ°å¿ƒè·³æ€¦æ€¦ã€‚
192,Yo nunca nunca he intentado ser gracioso delante de mi crush y he fracasado.,I have never ever tried to be funny in front of my crush and failed.,Je n'ai jamais essaye d'etre drole devant mon crush et echoue.,Non ho mai provato a fare il simpatico davanti al mio crush fallendo.,Ich habe noch nie versucht vor meinem Schwarm lustig zu sein und bin gescheitert.,Eu nunca nunca tentei ser engracado a frente do meu crush e falhei.,æˆ‘ä»Žæœªåœ¨æš—æ‹çš„äººé¢å‰æƒ³è¡¨çŽ°å¹½é»˜ç»“æžœå¤±è´¥ã€‚
193,Yo nunca nunca he estado en una situacion donde mi ex y alguien nuevo estaban en la misma sala.,I have never ever been in a situation where my ex and a new interest were in the same room.,Je n'ai jamais ete dans une situation ou mon ex et un nouveau coup de coeur etaient dans la meme piece.,Non sono mai stato in una situazione dove il mio ex e un nuovo interesse erano nella stessa stanza.,Ich war noch nie in einer Situation in der mein Ex und ein neues Interesse im selben Raum waren.,Eu nunca nunca estive numa situacao onde o meu ex e alguem novo estavam na mesma sala.,æˆ‘ä»ŽæœªåŒæ—¶å’Œå‰ä»»ä»¥åŠæ–°æš§æ˜§å¯¹è±¡å¾…åœ¨åŒä¸€ä¸ªæˆ¿é—´ã€‚
194,Yo nunca nunca se me ha pasado el crush en el momento en que esa persona abrio la boca.,I have never ever had a crush fade the moment they opened their mouth.,Je n'ai jamais vu un coup de coeur disparaitre quand la personne a ouvert la bouche.,Non ho mai visto una cotta svanire nel momento in cui quella persona ha aperto bocca.,Ich habe noch nie erlebt dass ein Crush verflog sobald die Person den Mund aufmachte.,Eu nunca nunca senti um crush desaparecer no momento em que essa pessoa abriu a boca.,æˆ‘ä»Žæœªåœ¨æš—æ‹çš„äººä¸€å¼€å£è¯´è¯ä¹‹åŽå°±ä¸å–œæ¬¢äº†ã€‚
195,Yo nunca nunca he fingido ser misterioso para atraer a alguien.,I have never ever pretended to be mysterious to attract someone.,Je n'ai jamais fait semblant d'etre mysterieux pour attirer quelqu'un.,Non ho mai finto di essere misterioso per attirare qualcuno.,Ich habe noch nie so getan als waere ich geheimnisvoll um jemanden anzulocken.,Eu nunca nunca fingi ser misterioso para atrair alguem.,æˆ‘ä»Žæœªä¸ºäº†å¸å¼•äººè€Œæ•…ä½œç¥žç§˜ã€‚
196,Yo nunca nunca he mentido sobre gustarme algo porque a mi crush le gustaba.,I have never ever lied about liking something because my crush liked it.,Je n'ai jamais menti sur le fait d'aimer quelque chose parce que mon crush l'aimait.,Non ho mai mentito dicendo di apprezzare qualcosa perche il mio crush lo apprezzava.,Ich habe noch nie darueber gelogen etwas zu moegen weil mein Schwarm es mochte.,Eu nunca nunca menti sobre gostar de algo porque o meu crush gostava.,æˆ‘ä»Žæœªå› ä¸ºæš—æ‹çš„äººå–œæ¬¢æŸæ ·ä¸œè¥¿è€Œè°Žç§°è‡ªå·±ä¹Ÿå–œæ¬¢ã€‚
197,Yo nunca nunca he tenido un crush con alguien del supermercado o la cafeteria.,I have never ever had a crush on someone from the supermarket or a cafe.,Je n'ai jamais eu le beguin pour quelqu'un du supermarche ou d'un cafe.,Non ho mai avuto una cotta per qualcuno del supermercato o di un bar.,Ich hatte noch nie einen Crush auf jemanden aus dem Supermarkt oder einem Cafe.,Eu nunca nunca tive um crush por alguem do supermercado ou de um cafe.,æˆ‘ä»Žæœªæš—æ‹è¿‡è¶…å¸‚æˆ–å’–å•¡åº—é‡Œçš„æŸä¸ªäººã€‚
198,Yo nunca nunca he guardado una entrada o ticket de una primera cita.,I have never ever kept a ticket or receipt from a first date.,Je n'ai jamais garde un ticket ou recu d'un premier rendez-vous.,Non ho mai conservato un biglietto o scontrino di un primo appuntamento.,Ich habe noch nie ein Ticket oder eine Quittung von einem ersten Date aufbewahrt.,Eu nunca nunca guardei um bilhete ou recibo de um primeiro encontro.,æˆ‘ä»Žæœªä¿ç•™è¿‡ç¬¬ä¸€æ¬¡çº¦ä¼šçš„ç¥¨æ ¹æˆ–æ”¶æ®ã€‚
199,Yo nunca nunca he comparado a cada persona nueva con un ex en concreto.,I have never ever compared every new person to one specific ex.,Je n'ai jamais compare chaque nouvelle personne a un ex en particulier.,Non ho mai confrontato ogni nuova persona con un ex in particolare.,Ich habe noch nie jede neue Person mit einem bestimmten Ex verglichen.,Eu nunca nunca comparei cada pessoa nova com um ex em concreto.,æˆ‘ä»Žæœªæ‹¿æ¯ä¸ªæ–°è®¤è¯†çš„äººå’ŒæŸä¸ªç‰¹å®šçš„å‰ä»»æ¯”è¾ƒã€‚
200,Yo nunca nunca me ha dicho el amigo de mi crush que no le gustaba.,I have never ever had my crush's friend tell me they didn't like me back.,Je n'ai jamais eu l'ami de mon crush qui m'a dit qu'il ne m'aimait pas en retour.,Non ho mai avuto l'amico del mio crush che mi ha detto che non gli piacevo.,Mir hat noch nie der Freund meines Schwarms gesagt dass die Gefuehle nicht erwidert werden.,Eu nunca nunca o amigo do meu crush me disse que nao gostava de mim de volta.,æˆ‘ä»Žæœªè¢«æš—æ‹å¯¹è±¡çš„æœ‹å‹å‘ŠçŸ¥å¯¹æ–¹ä¸å–œæ¬¢æˆ‘ã€‚
201,Yo nunca nunca he intentado parecer natural mientras mi crush pasaba por delante.,I have never ever tried to look casual while my crush walked by.,Je n'ai jamais essaye d'avoir l'air naturel quand mon crush passait devant moi.,Non ho mai provato a sembrare naturale mentre il mio crush mi passava davanti.,Ich habe noch nie versucht laessig zu wirken waehrend mein Schwarm an mir vorbeiging.,Eu nunca nunca tentei parecer natural enquanto o meu crush passava por mim.,æˆ‘ä»Žæœªåœ¨æš—æ‹çš„äººç»è¿‡æ—¶åŠªåŠ›è£…å‡ºä¸€å‰¯è‡ªç„¶çš„æ ·å­ã€‚
202,Yo nunca nunca he vivido un triangulo amoroso.,I have never ever been in a love triangle.,Je n'ai jamais vecu un triangle amoureux.,Non ho mai vissuto un triangolo amoroso.,Ich war noch nie in einem Liebesdreieck.,Eu nunca nunca vivi um triangulo amoroso.,æˆ‘ä»Žæœªç»åŽ†è¿‡ä¸‰è§’æ‹ã€‚
203,Yo nunca nunca me ha gustado la letra de alguien.,I have never ever had a crush on someone because of their handwriting.,Je n'ai jamais craque pour quelqu'un a cause de son ecriture.,Non ho mai avuto una cotta per qualcuno per la sua calligrafia.,Ich hatte noch nie einen Crush auf jemanden wegen dessen Handschrift.,Eu nunca nunca tive um crush por alguem por causa da caligrafia.,æˆ‘ä»Žæœªå› ä¸ºæŸäººçš„å­—å¥½çœ‹è€Œå¿ƒåŠ¨ã€‚
204,Yo nunca nunca me he confesado a traves de un amigo.,I have never ever confessed my feelings through a friend.,Je ne me suis jamais declare par le biais d'un ami.,Non mi sono mai dichiarato tramite un amico.,Ich habe noch nie meine Gefuehle ueber einen Freund gestanden.,Eu nunca nunca me confessei atraves de um amigo.,æˆ‘ä»Žæœªé€šè¿‡æœ‹å‹æ¥ä¼ è¾¾å¿ƒæ„ã€‚
205,Yo nunca nunca he releido los mensajes de mi crush antes de dormir.,I have never ever re-read texts from my crush before bed.,Je n'ai jamais relu les messages de mon crush avant de dormir.,Non ho mai riletto i messaggi del mio crush prima di dormire.,Ich habe noch nie die Nachrichten meines Schwarms vor dem Schlafen nochmal gelesen.,Eu nunca nunca reli as mensagens do meu crush antes de dormir.,æˆ‘ä»Žæœªåœ¨ç¡å‰é‡è¯»æš—æ‹å¯¹è±¡çš„æ¶ˆæ¯ã€‚
206,Yo nunca nunca he sonado que mi crush me rechazaba.,I have never ever had a dream where my crush rejected me.,Je n'ai jamais reve que mon crush me rejetait.,Non ho mai sognato che il mio crush mi rifiutava.,Ich habe noch nie getraeumt dass mein Schwarm mich abgewiesen hat.,Eu nunca nunca sonhei que o meu crush me rejeitava.,æˆ‘ä»Žæœªæ¢¦åˆ°æš—æ‹å¯¹è±¡æ‹’ç»äº†æˆ‘ã€‚
207,Yo nunca nunca he cambiado de sitio para sentarme cerca de alguien.,I have never ever changed seats to sit closer to someone.,Je n'ai jamais change de place pour m'asseoir plus pres de quelqu'un.,Non ho mai cambiato posto per sedermi vicino a qualcuno.,Ich habe noch nie den Platz gewechselt um naeher bei jemandem zu sitzen.,Eu nunca nunca mudei de lugar para me sentar perto de alguem.,æˆ‘ä»Žæœªæ¢åº§ä½åªä¸ºååˆ°æŸäººæ—è¾¹ã€‚
208,Yo nunca nunca me ha gustado alguien por su acento.,I have never ever had a crush on someone because of their accent.,Je n'ai jamais craque pour quelqu'un a cause de son accent.,Non ho mai avuto una cotta per qualcuno per il suo accento.,Ich hatte noch nie einen Crush auf jemanden wegen seines Akzents.,Eu nunca nunca tive um crush por alguem por causa do sotaque.,æˆ‘ä»Žæœªå› ä¸ºæŸäººçš„å£éŸ³è€Œå¿ƒåŠ¨ã€‚
209,Yo nunca nunca me ha gustado alguien que no le gustaba a nadie mas.,I have never ever had a crush on someone nobody else found attractive.,Je n'ai jamais eu le beguin pour quelqu'un que personne d'autre ne trouvait attirant.,Non ho mai avuto una cotta per qualcuno che nessun altro trovava attraente.,Ich hatte noch nie einen Crush auf jemanden den sonst niemand attraktiv fand.,Eu nunca nunca tive um crush por alguem que mais ninguem achava atraente.,æˆ‘ä»Žæœªæš—æ‹è¿‡åˆ«äººéƒ½ä¸è§‰å¾—å¥½çœ‹çš„äººã€‚
210,Yo nunca nunca he hecho algo arriesgado solo para impresionar a mi crush.,I have never ever done something risky just to impress my crush.,Je n'ai jamais fait quelque chose de risque juste pour impressionner mon crush.,Non ho mai fatto qualcosa di rischioso solo per impressionare il mio crush.,Ich habe noch nie etwas Riskantes getan nur um meinen Schwarm zu beeindrucken.,Eu nunca nunca fiz algo arriscado so para impressionar o meu crush.,æˆ‘ä»Žæœªä¸ºäº†æ‰“åŠ¨æš—æ‹çš„äººè€Œåšå†’é™©çš„äº‹ã€‚
211,Yo nunca nunca he tenido un crush por internet durante meses.,I have never ever had an online crush for months.,Je n'ai jamais eu un crush en ligne pendant des mois.,Non ho mai avuto una cotta online per mesi.,Ich hatte noch nie einen Online-Crush der Monate gedauert hat.,Eu nunca nunca tive um crush online durante meses.,æˆ‘ä»Žæœªåœ¨ç½‘ä¸Šæš—æ‹ä¸€ä¸ªäººå¥½å‡ ä¸ªæœˆã€‚
212,Yo nunca nunca me ha gustado alguien tanto que lo evitaba.,I have never ever liked someone so much that I avoided them.,Je n'ai jamais aime quelqu'un au point de l'eviter.,Non ho mai apprezzato qualcuno al punto da evitarlo.,Ich habe noch nie jemanden so sehr gemocht dass ich die Person gemieden habe.,Eu nunca nunca gostei tanto de alguem que o evitava.,æˆ‘ä»Žæœªå–œæ¬¢ä¸€ä¸ªäººå–œæ¬¢åˆ°åˆ»æ„èº²ç€å¯¹æ–¹ã€‚
213,Yo nunca nunca he planeado una cita perfecta y todo ha salido fatal.,I have never ever planned a perfect date and had everything go wrong.,Je n'ai jamais planifie un rendez-vous parfait ou tout a mal tourne.,Non ho mai pianificato un appuntamento perfetto e tutto e andato storto.,Ich habe noch nie ein perfektes Date geplant bei dem alles schiefgegangen ist.,Eu nunca nunca planeei um encontro perfeito e tudo correu mal.,æˆ‘ä»Žæœªç²¾å¿ƒç­–åˆ’äº†ä¸€åœºå®Œç¾Žçº¦ä¼šç»“æžœä¸€å›¢ç³Ÿã€‚
214,Yo nunca nunca he dicho algo inapropiado intentando ligar.,I have never ever said something inappropriate while trying to flirt.,Je n'ai jamais dit quelque chose d'inapproprie en essayant de draguer.,Non ho mai detto qualcosa di inappropriato cercando di flirtare.,Ich habe noch nie etwas Unpassendes gesagt waehrend ich versucht habe zu flirten.,Eu nunca nunca disse algo inapropriado ao tentar engatar.,æˆ‘ä»Žæœªåœ¨è¯•å›¾æ­è®ªæ—¶è¯´äº†ä¸åˆé€‚çš„è¯ã€‚
215,Yo nunca nunca he tenido un crush con una persona que me atendia en un cafe.,I have never ever had a crush on a barista.,Je n'ai jamais eu le beguin pour un barista.,Non ho mai avuto una cotta per un barista.,Ich hatte noch nie einen Crush auf einen Barista.,Eu nunca nunca tive um crush por um barista.,æˆ‘ä»Žæœªæš—æ‹è¿‡ç»™æˆ‘å†²å’–å•¡çš„äººã€‚
216,Yo nunca nunca he inventado una alergia para evitar besar a alguien.,I have never ever faked an allergy to avoid kissing someone.,Je n'ai jamais invente une allergie pour eviter d'embrasser quelqu'un.,Non ho mai inventato un'allergia per evitare di baciare qualcuno.,Ich habe noch nie eine Allergie vorgetaeuscht um jemanden nicht kuessen zu muessen.,Eu nunca nunca inventei uma alergia para evitar beijar alguem.,æˆ‘ä»Žæœªç¼–é€ è¿‡æ•æ¥é¿å…äº²æŸä¸ªäººã€‚
217,Yo nunca nunca he intentado guinar un ojo y me ha salido mal.,I have never ever tried to wink at someone and it went wrong.,Je n'ai jamais essaye de faire un clin d'oeil et ca a mal tourne.,Non ho mai provato a fare l'occhiolino e mi e venuto male.,Ich habe noch nie versucht jemandem zuzuzwinkern und es ging schief.,Eu nunca nunca tentei piscar o olho a alguem e saiu mal.,æˆ‘ä»Žæœªæƒ³æŠ›åªšçœ¼ç»“æžœå¾ˆä¸¢äººã€‚
218,Yo nunca nunca he dejado que mis amigos me organizaran una cita.,I have never ever let my friends set me up on a date.,Je n'ai jamais laisse mes amis m'organiser un rendez-vous.,Non ho mai lasciato che i miei amici mi organizzassero un appuntamento.,Ich habe noch nie meine Freunde ein Date fuer mich organisieren lassen.,Eu nunca nunca deixei os meus amigos arranjarem-me um encontro.,æˆ‘ä»Žæœªè®©æœ‹å‹ç»™æˆ‘å®‰æŽ’ç›¸äº²ã€‚
219,Yo nunca nunca he fingido enviar un mensaje a mi crush por error.,I have never ever pretended to accidentally text my crush.,Je n'ai jamais fait semblant d'envoyer un message a mon crush par erreur.,Non ho mai finto di mandare un messaggio al mio crush per sbaglio.,Ich habe noch nie so getan als haette ich meinem Schwarm versehentlich geschrieben.,Eu nunca nunca fingi enviar uma mensagem ao meu crush por engano.,æˆ‘ä»Žæœªå‡è£…ç»™æš—æ‹çš„äººå‘äº†æ¡è¯¯å‘æ¶ˆæ¯ã€‚
220,Yo nunca nunca he descubierto que mi crush sabia que me gustaba.,I have never ever found out that my crush knew I had a crush on them.,Je n'ai jamais decouvert que mon crush savait que je l'aimais.,Non ho mai scoperto che il mio crush sapeva che mi piaceva.,Ich habe noch nie herausgefunden dass mein Schwarm wusste dass ich ihn mochte.,Eu nunca nunca descobri que o meu crush sabia que eu gostava.,æˆ‘ä»Žæœªå‘çŽ°æš—æ‹å¯¹è±¡çŸ¥é“æˆ‘å–œæ¬¢ä»–ä»¬ã€‚
221,Yo nunca nunca me he grabado confesandome para escuchar como sonaba.,I have never ever recorded myself confessing just to hear how I sounded.,Je ne me suis jamais enregistre en me declarant pour entendre comment je sonnais.,Non mi sono mai registrato mentre mi dichiaravo per sentire come suonavo.,Ich habe noch nie aufgenommen wie ich mich gestehe nur um zu hoeren wie ich klinge.,Eu nunca nunca me gravei a confessar-me para ouvir como soava.,æˆ‘ä»Žæœªå½•ä¸‹è‡ªå·±å‘Šç™½çš„å£°éŸ³æ¥å¬å¬æ•ˆæžœã€‚
222,Yo nunca nunca he cancelado con amigos para estar con alguien que me gustaba.,I have never ever canceled on friends to be with someone I liked.,Je n'ai jamais annule avec des amis pour etre avec quelqu'un qui me plaisait.,Non ho mai annullato con gli amici per stare con qualcuno che mi piaceva.,Ich habe noch nie bei Freunden abgesagt um mit jemandem zusammen zu sein den ich mochte.,Eu nunca nunca cancelei com amigos para estar com alguem de quem gostava.,æˆ‘ä»Žæœªå–æ¶ˆå’Œæœ‹å‹çš„çº¦æ¥å’Œå–œæ¬¢çš„äººåœ¨ä¸€èµ·ã€‚
223,Yo nunca nunca he guardado un mensaje de voz antiguo de alguien que queria.,I have never ever kept an old voicemail from someone I used to love.,Je n'ai jamais garde un ancien message vocal de quelqu'un que j'aimais.,Non ho mai conservato un vecchio vocale di qualcuno che amavo.,Ich habe noch nie eine alte Sprachnachricht von jemandem aufbewahrt den ich geliebt habe.,Eu nunca nunca guardei uma mensagem de voz antiga de alguem que amava.,æˆ‘ä»Žæœªä¿ç•™è¿‡æ›¾ç»çˆ±è¿‡çš„äººç•™ä¸‹çš„è¯­éŸ³ã€‚
224,Yo nunca nunca he tenido un crush con mi entrenador o instructor.,I have never ever had a crush on my trainer or instructor.,Je n'ai jamais eu le beguin pour mon entraineur ou instructeur.,Non ho mai avuto una cotta per il mio allenatore o istruttore.,Ich hatte noch nie einen Crush auf meinen Trainer oder Kursleiter.,Eu nunca nunca tive um crush pelo meu treinador ou instrutor.,æˆ‘ä»Žæœªæš—æ‹è¿‡è‡ªå·±çš„æ•™ç»ƒæˆ–è€å¸ˆã€‚
225,Yo nunca nunca me he comprado un perfume o colonia por alguien.,I have never ever bought a new cologne or perfume because of someone.,Je n'ai jamais achete un nouveau parfum a cause de quelqu'un.,Non ho mai comprato un profumo nuovo a causa di qualcuno.,Ich habe noch nie wegen jemandem ein neues Parfuem gekauft.,Eu nunca nunca comprei um perfume novo por causa de alguem.,æˆ‘ä»Žæœªå› ä¸ºæŸäººè€Œä¹°äº†æ–°é¦™æ°´ã€‚
226,Yo nunca nunca he borrado todas las fotos de un ex por rabia.,I have never ever deleted all photos of an ex in anger.,Je n'ai jamais supprime toutes les photos d'un ex par colere.,Non ho mai cancellato tutte le foto di un ex per rabbia.,Ich habe noch nie alle Fotos von einem Ex aus Wut geloescht.,Eu nunca nunca apaguei todas as fotos de um ex por raiva.,æˆ‘ä»Žæœªä¸€æ°”ä¹‹ä¸‹åˆ å…‰å‰ä»»çš„æ‰€æœ‰ç…§ç‰‡ã€‚
227,Yo nunca nunca he tenido un ex que volvio y casi caigo otra vez.,I have never ever had an ex come back and almost fallen for them again.,Je n'ai jamais eu un ex qui est revenu et j'ai failli retomber.,Non ho mai avuto un ex che e tornato e quasi ci sono ricascato.,Ich hatte noch nie einen Ex der zurueckkam und ich waere fast wieder darauf reingefallen.,Eu nunca nunca tive um ex que voltou e quase cai outra vez.,æˆ‘ä»Žæœªæœ‰è¿‡å‰ä»»å›žå¤´å·®ç‚¹åˆå¿ƒè½¯ã€‚
228,Yo nunca nunca he tenido un crush con mas de tres personas a la vez.,I have never ever had a crush on more than three people at once.,Je n'ai jamais eu le beguin pour plus de trois personnes a la fois.,Non ho mai avuto una cotta per piu di tre persone contemporaneamente.,Ich hatte noch nie gleichzeitig einen Crush auf mehr als drei Personen.,Eu nunca nunca tive um crush por mais de tres pessoas ao mesmo tempo.,æˆ‘ä»ŽæœªåŒæ—¶æš—æ‹è¶…è¿‡ä¸‰ä¸ªäººã€‚
229,Yo nunca nunca he fingido que me gustaba un genero musical en una cita.,I have never ever pretended to like a music genre on a date.,Je n'ai jamais fait semblant d'aimer un genre de musique lors d'un rendez-vous.,Non ho mai finto di apprezzare un genere musicale durante un appuntamento.,Ich habe noch nie auf einem Date so getan als wuerde mir ein Musikgenre gefallen.,Eu nunca nunca fingi gostar de um genero musical num encontro.,æˆ‘ä»Žæœªåœ¨çº¦ä¼šä¸­å‡è£…å–œæ¬¢æŸç§éŸ³ä¹ç±»åž‹ã€‚
230,Yo nunca nunca he perdido el sueno por no poder dejar de pensar en alguien.,I have never ever lost sleep because I couldn't stop thinking about someone.,Je n'ai jamais perdu le sommeil parce que je ne pouvais pas arreter de penser a quelqu'un.,Non ho mai perso il sonno perche non riuscivo a smettere di pensare a qualcuno.,Ich habe noch nie den Schlaf verloren weil ich nicht aufhoeren konnte an jemanden zu denken.,Eu nunca nunca perdi o sono por nao conseguir parar de pensar em alguem.,æˆ‘ä»Žæœªå› ä¸ºæ»¡è„‘å­éƒ½æ˜¯æŸäººè€Œç¡ä¸ç€ã€‚
231,Yo nunca nunca he cambiado mi bio de Instagram esperando que mi crush la viera.,I have never ever changed my Instagram bio hoping my crush would notice.,Je n'ai jamais change ma bio Instagram en esperant que mon crush la remarque.,Non ho mai cambiato la mia bio Instagram sperando che il mio crush la vedesse.,Ich habe noch nie meine Instagram-Bio geaendert in der Hoffnung dass mein Schwarm es bemerkt.,Eu nunca nunca mudei a minha bio do Instagram a esperar que o meu crush visse.,æˆ‘ä»Žæœªæ”¹è¿‡Instagramç®€ä»‹å¸Œæœ›æš—æ‹å¯¹è±¡çœ‹åˆ°ã€‚
232,Yo nunca nunca he puesto el nombre de mi crush como contrasena.,I have never ever used my crush's name as a password.,Je n'ai jamais utilise le nom de mon crush comme mot de passe.,Non ho mai usato il nome del mio crush come password.,Ich habe noch nie den Namen meines Schwarms als Passwort benutzt.,Eu nunca nunca usei o nome do meu crush como palavra-passe.,æˆ‘ä»ŽæœªæŠŠæš—æ‹å¯¹è±¡çš„åå­—å½“å¯†ç ç”¨ã€‚
233,Yo nunca nunca me he metido en la cuenta de un ex en redes.,I have never ever logged into an ex's social media account.,Je ne me suis jamais connecte au compte de reseaux sociaux d'un ex.,Non ho mai effettuato l'accesso all'account social di un ex.,Ich habe mich noch nie in den Social-Media-Account eines Ex eingeloggt.,Eu nunca nunca entrei na conta de um ex nas redes sociais.,æˆ‘ä»Žæœªç™»å½•è¿‡å‰ä»»çš„ç¤¾äº¤åª’ä½“è´¦å·ã€‚
234,Yo nunca nunca he mentido sobre tener experiencia en el amor.,I have never ever lied about being experienced in romance.,Je n'ai jamais menti sur le fait d'avoir de l'experience en amour.,Non ho mai mentito sull'avere esperienza in amore.,Ich habe noch nie darueber gelogen Erfahrung in der Liebe zu haben.,Eu nunca nunca menti sobre ter experiencia no amor.,æˆ‘ä»Žæœªåœ¨æ‹çˆ±ç»éªŒä¸Šæ’’è¿‡è°Žã€‚
235,Yo nunca nunca he tenido una relacion secreta.,I have never ever had a secret relationship.,Je n'ai jamais eu une relation secrete.,Non ho mai avuto una relazione segreta.,Ich hatte noch nie eine geheime Beziehung.,Eu nunca nunca tive uma relacao secreta.,æˆ‘ä»Žæœªæœ‰è¿‡ç§˜å¯†æ‹æƒ…ã€‚
236,Yo nunca nunca he besado a alguien para evitar un silencio incomodo.,I have never ever kissed someone to avoid an awkward silence.,Je n'ai jamais embrasse quelqu'un pour eviter un silence genant.,Non ho mai baciato qualcuno per evitare un silenzio imbarazzante.,Ich habe noch nie jemanden gekuesst um eine peinliche Stille zu vermeiden.,Eu nunca nunca beijei alguem para evitar um silencio constrangedor.,æˆ‘ä»Žæœªä¸ºäº†æ‰“ç ´å°´å°¬çš„æ²‰é»˜è€Œäº²å»æŸäººã€‚
237,Yo nunca nunca he pedido a alguien que me leyera los mensajes para ayudarme a responder a mi crush.,I have never ever had someone read my texts to help me reply to my crush.,Je n'ai jamais demande a quelqu'un de lire mes messages pour m'aider a repondre a mon crush.,Non ho mai chiesto a qualcuno di leggere i miei messaggi per aiutarmi a rispondere al mio crush.,Ich habe noch nie jemanden gebeten meine Nachrichten zu lesen um mir beim Antworten an meinen Schwarm zu helfen.,Eu nunca nunca pedi a alguem para ler as minhas mensagens para me ajudar a responder ao meu crush.,æˆ‘ä»Žæœªè®©äººå¸®æˆ‘çœ‹æ¶ˆæ¯æ¥å›žå¤æš—æ‹å¯¹è±¡ã€‚
238,Yo nunca nunca he comprado un regalo para alguien con quien aun no salia.,I have never ever bought a gift for someone I wasn't even dating yet.,Je n'ai jamais achete un cadeau pour quelqu'un avec qui je ne sortais pas encore.,Non ho mai comprato un regalo per qualcuno con cui non uscivo ancora.,Ich habe noch nie ein Geschenk fuer jemanden gekauft mit dem ich noch nicht zusammen war.,Eu nunca nunca comprei um presente para alguem com quem ainda nao saia.,æˆ‘ä»Žæœªç»™è¿˜æ²¡å¼€å§‹äº¤å¾€çš„äººä¹°è¿‡ç¤¼ç‰©ã€‚
239,Yo nunca nunca he tenido un crush con alguien por como bailaba en una fiesta.,I have never ever had a crush on someone just by how they danced at a party.,Je n'ai jamais eu le beguin pour quelqu'un a cause de sa facon de danser a une fete.,Non ho mai avuto una cotta per qualcuno per come ballava a una festa.,Ich hatte noch nie einen Crush auf jemanden nur wegen der Art wie die Person auf einer Party tanzte.,Eu nunca nunca tive um crush por alguem pela forma como dancava numa festa.,æˆ‘ä»Žæœªå› ä¸ºæŸäººåœ¨æ´¾å¯¹ä¸Šè·³èˆžçš„æ ·å­è€Œå¿ƒåŠ¨ã€‚
240,Yo nunca nunca me he quedado pensando en alguien durante una clase.,I have never ever daydreamed about someone during a class.,Je n'ai jamais reve eveille de quelqu'un pendant un cours.,Non ho mai sognato a occhi aperti su qualcuno durante una lezione.,Ich habe noch nie waehrend eines Unterrichts von jemandem getraeumt.,Eu nunca nunca fiquei a pensar em alguem durante uma aula.,æˆ‘ä»Žæœªåœ¨ä¸Šè¯¾æ—¶èµ°ç¥žæƒ³ç€æŸä¸ªäººã€‚
241,Yo nunca nunca he fingido que me gustaba un deporte porque mi crush lo practicaba.,I have never ever pretended to like a sport because my crush played it.,Je n'ai jamais fait semblant d'aimer un sport parce que mon crush le pratiquait.,Non ho mai finto di apprezzare uno sport perche il mio crush lo praticava.,Ich habe noch nie so getan als wuerde mir eine Sportart gefallen weil mein Schwarm sie ausuebte.,Eu nunca nunca fingi gostar de um desporto porque o meu crush o praticava.,æˆ‘ä»Žæœªå› ä¸ºæš—æ‹çš„äººçŽ©æŸé¡¹è¿åŠ¨å°±å‡è£…è‡ªå·±ä¹Ÿå–œæ¬¢ã€‚
242,Yo nunca nunca he tenido un cruce de miradas tan intenso que aun me acuerdo.,I have never ever had an eye contact moment so intense that I still think about it.,Je n'ai jamais eu un contact visuel si intense que j'y pense encore.,Non ho mai avuto un incrocio di sguardi cosi intenso che ci penso ancora.,Ich hatte noch nie so intensiven Blickkontakt dass ich mich noch daran erinnere.,Eu nunca nunca tive um cruzamento de olhares tao intenso que ainda me lembro.,æˆ‘ä»Žæœªæœ‰è¿‡ä¸€æ¬¡å¦‚æ­¤å¼ºçƒˆçš„å¯¹è§†è‡³ä»Šè®°å¿†çŠ¹æ–°ã€‚
243,Yo nunca nunca me he sonrojado leyendo un mensaje de alguien que me gusta.,I have never ever blushed while reading a message from someone I like.,Je n'ai jamais rougi en lisant un message de quelqu'un qui me plait.,Non sono mai arrossito leggendo un messaggio di qualcuno che mi piace.,Ich bin noch nie rot geworden als ich eine Nachricht von jemandem gelesen habe den ich mag.,Eu nunca nunca corei a ler uma mensagem de alguem de quem gosto.,æˆ‘ä»Žæœªåœ¨è¯»å–œæ¬¢çš„äººå‘æ¥çš„æ¶ˆæ¯æ—¶è„¸çº¢ã€‚
244,Yo nunca nunca he tenido un crush con alguien para luego enterarme de que salia con mi amigo.,I have never ever had a crush on someone only to find out they were dating my friend.,Je n'ai jamais eu le beguin pour quelqu'un pour decouvrir qu'il sortait avec mon ami.,Non ho mai avuto una cotta per qualcuno per poi scoprire che usciva con un mio amico.,Ich hatte noch nie einen Crush auf jemanden nur um herauszufinden dass die Person mit meinem Freund zusammen war.,Eu nunca nunca tive um crush por alguem para depois descobrir que saia com o meu amigo.,æˆ‘ä»Žæœªæš—æ‹æŸäººåŽæ¥å‘çŽ°å¯¹æ–¹åœ¨å’Œæœ‹å‹çº¦ä¼šã€‚
245,Yo nunca nunca he usado a un amigo para llevar un mensaje a mi crush.,I have never ever used a friend to deliver a message to my crush.,Je n'ai jamais utilise un ami pour transmettre un message a mon crush.,Non ho mai usato un amico per portare un messaggio al mio crush.,Ich habe noch nie einen Freund benutzt um eine Nachricht an meinen Schwarm zu uebermitteln.,Eu nunca nunca usei um amigo para levar uma mensagem ao meu crush.,æˆ‘ä»Žæœªè®©æœ‹å‹å¸®å¿™ç»™æš—æ‹å¯¹è±¡ä¼ è¯ã€‚
246,Yo nunca nunca he ensayado un outfit para una cita varias veces.,I have never ever tried on a date outfit multiple times.,Je n'ai jamais essaye une tenue pour un rendez-vous plusieurs fois.,Non ho mai provato un outfit per un appuntamento piu volte.,Ich habe noch nie ein Date-Outfit mehrmals anprobiert.,Eu nunca nunca experimentei uma roupa para um encontro varias vezes.,æˆ‘ä»Žæœªä¸ºçº¦ä¼šåå¤è¯•ç©¿è¡£æœã€‚
247,Yo nunca nunca he llorado escuchando nuestra cancion despues de una ruptura.,I have never ever cried listening to our song after a breakup.,Je n'ai jamais pleure en ecoutant notre chanson apres une rupture.,Non ho mai pianto ascoltando la nostra canzone dopo una rottura.,Ich habe noch nie bei unserem Lied nach einer Trennung geweint.,Eu nunca nunca chorei a ouvir a nossa musica depois de uma separacao.,æˆ‘ä»Žæœªåœ¨åˆ†æ‰‹åŽå¬åˆ°å±žäºŽä¸¤ä¸ªäººçš„æ­Œè€Œå“­ã€‚
248,Yo nunca nunca he fingido que la nueva relacion de mi ex no me molestaba.,I have never ever pretended to be cool about an ex's new relationship.,Je n'ai jamais fait semblant d'etre indifferent a la nouvelle relation de mon ex.,Non ho mai finto che la nuova relazione del mio ex non mi desse fastidio.,Ich habe noch nie so getan als wuerde mich die neue Beziehung meines Ex nicht stoeren.,Eu nunca nunca fingi que a nova relacao do meu ex nao me incomodava.,æˆ‘ä»Žæœªå‡è£…å¯¹å‰ä»»çš„æ–°æ‹æƒ…æ¯«ä¸åœ¨æ„ã€‚
249,Yo nunca nunca he usado la astrologia para decidir si alguien era compatible.,I have never ever used astrology to decide if someone was compatible.,Je n'ai jamais utilise l'astrologie pour decider si quelqu'un etait compatible.,Non ho mai usato l'astrologia per decidere se qualcuno era compatibile.,Ich habe noch nie Astrologie benutzt um zu entscheiden ob jemand kompatibel ist.,Eu nunca nunca usei a astrologia para decidir se alguem era compativel.,æˆ‘ä»Žæœªç”¨æ˜Ÿåº§æ¥å†³å®šæŸäººæ˜¯å¦é€‚åˆæˆ‘ã€‚
250,Yo nunca nunca he tenido un crush con alguien de quien todos me advertian.,I have never ever had a crush on someone everyone warned me about.,Je n'ai jamais eu le beguin pour quelqu'un dont tout le monde m'avertissait.,Non ho mai avuto una cotta per qualcuno di cui tutti mi avvertivano.,Ich hatte noch nie einen Crush auf jemanden vor dem mich alle gewarnt haben.,Eu nunca nunca tive um crush por alguem de quem todos me avisavam.,æˆ‘ä»Žæœªæš—æ‹è¿‡æ‰€æœ‰äººéƒ½è­¦å‘Šæˆ‘è¿œç¦»çš„äººã€‚
251,Yo nunca nunca he comparado mi historia de amor con una pelicula.,I have never ever compared my love story to a movie.,Je n'ai jamais compare mon histoire d'amour a un film.,Non ho mai paragonato la mia storia d'amore a un film.,Ich habe noch nie meine Liebesgeschichte mit einem Film verglichen.,Eu nunca nunca comparei a minha historia de amor com um filme.,æˆ‘ä»Žæœªæ‹¿è‡ªå·±çš„çˆ±æƒ…æ•…äº‹å’Œç”µå½±ç›¸æ¯”ã€‚
252,Yo nunca nunca he tenido a alguien coqueteando conmigo y me di cuenta despues.,I have never ever had someone flirt with me and only realized later.,Je n'ai jamais eu quelqu'un qui flirtait avec moi et je ne m'en suis rendu compte qu'apres.,Non ho mai avuto qualcuno che flirtava con me e l'ho capito solo dopo.,Ich habe noch nie erlebt dass jemand mit mir geflirtet hat und ich es erst spaeter gemerkt habe.,Eu nunca nunca tive alguem a flertar comigo e so percebi depois.,æˆ‘ä»Žæœªè¢«äººæ’©äº†ä¹‹åŽæ‰ååº”è¿‡æ¥ã€‚
253,Yo nunca nunca he mentido sobre mis intereses para no perder una conversacion con mi crush.,I have never ever lied about my interests to keep a conversation going with my crush.,Je n'ai jamais menti sur mes centres d'interet pour maintenir une conversation avec mon crush.,Non ho mai mentito sui miei interessi per mantenere viva una conversazione con il mio crush.,Ich habe noch nie ueber meine Interessen gelogen um das Gespraech mit meinem Schwarm am Laufen zu halten.,Eu nunca nunca menti sobre os meus interesses para manter uma conversa com o meu crush.,æˆ‘ä»Žæœªä¸ºäº†èƒ½å’Œæš—æ‹çš„äººç»§ç»­èŠå¤©è€Œè°ŽæŠ¥å…´è¶£çˆ±å¥½ã€‚
254,Yo nunca nunca he dado un rodeo mas largo solo para acompanar a alguien a casa.,I have never ever taken a longer route just to walk someone home.,Je n'ai jamais pris un chemin plus long juste pour raccompagner quelqu'un.,Non ho mai fatto un giro piu lungo solo per accompagnare qualcuno a casa.,Ich bin noch nie einen laengeren Weg gegangen nur um jemanden nach Hause zu begleiten.,Eu nunca nunca dei uma volta maior so para acompanhar alguem a casa.,æˆ‘ä»Žæœªç»•è¿œè·¯åªä¸ºå¤šé€æŸäººä¸€æ®µã€‚
255,Yo nunca nunca he sonreido al movil por un mensaje de mi crush.,I have never ever smiled at my phone because of a text from my crush.,Je n'ai jamais souri a mon telephone a cause d'un message de mon crush.,Non ho mai sorriso al telefono per un messaggio del mio crush.,Ich habe noch nie wegen einer Nachricht von meinem Schwarm mein Handy angelaechelt.,Eu nunca nunca sorri para o telemovel por causa de uma mensagem do meu crush.,æˆ‘ä»Žæœªå› ä¸ºæš—æ‹å¯¹è±¡çš„æ¶ˆæ¯è€Œå¯¹ç€æ‰‹æœºå‚»ç¬‘ã€‚
256,Yo nunca nunca he hecho un TikTok o reel sobre mi vida amorosa.,I have never ever made a TikTok or reel about my love life.,Je n'ai jamais fait un TikTok ou reel sur ma vie amoureuse.,Non ho mai fatto un TikTok o reel sulla mia vita amorosa.,Ich habe noch nie ein TikTok oder Reel ueber mein Liebesleben gemacht.,Eu nunca nunca fiz um TikTok ou reel sobre a minha vida amorosa.,æˆ‘ä»Žæœªå‘è¿‡å…³äºŽè‡ªå·±æ„Ÿæƒ…ç”Ÿæ´»çš„TikTokæˆ–çŸ­è§†é¢‘ã€‚
257,Yo nunca nunca me he enamorado de alguien en una boda.,I have never ever fallen for someone at a wedding.,Je n'ai jamais craque pour quelqu'un a un mariage.,Non mi sono mai innamorato di qualcuno a un matrimonio.,Ich habe mich noch nie auf einer Hochzeit in jemanden verliebt.,Eu nunca nunca me apaixonei por alguem num casamento.,æˆ‘ä»Žæœªåœ¨å©šç¤¼ä¸Šçˆ±ä¸ŠæŸäººã€‚
258,Yo nunca nunca me ha dicho mi crush que solo me veia como amigo.,I have never ever had my crush tell me they only see me as a friend.,Je n'ai jamais eu mon crush qui m'a dit qu'il ne me voyait que comme un ami.,Non ho mai avuto il mio crush che mi ha detto che mi vedeva solo come amico.,Mein Schwarm hat mir noch nie gesagt dass er mich nur als Freund sieht.,Eu nunca nunca o meu crush me disse que so me via como amigo.,æˆ‘ä»Žæœªè¢«æš—æ‹å¯¹è±¡è¯´åªæŠŠæˆ‘å½“æœ‹å‹ã€‚
259,Yo nunca nunca he fingido que el exito de mi ex no me afectaba.,I have never ever pretended that my ex's success didn't bother me.,Je n'ai jamais fait semblant que le succes de mon ex ne me derangeait pas.,Non ho mai finto che il successo del mio ex non mi desse fastidio.,Ich habe noch nie so getan als wuerde mich der Erfolg meines Ex nicht stoeren.,Eu nunca nunca fingi que o sucesso do meu ex nao me afetava.,æˆ‘ä»Žæœªå‡è£…å‰ä»»çš„æˆåŠŸä¸å½±å“æˆ‘ã€‚
260,Yo nunca nunca he tenido un crush con un socorrista.,I have never ever had a crush on a lifeguard.,Je n'ai jamais eu le beguin pour un maitre-nageur.,Non ho mai avuto una cotta per un bagnino.,Ich hatte noch nie einen Crush auf einen Rettungsschwimmer.,Eu nunca nunca tive um crush por um salva-vidas.,æˆ‘ä»Žæœªæš—æ‹è¿‡æ•‘ç”Ÿå‘˜ã€‚
261,Yo nunca nunca he terminado una relacion por una corazonada.,I have never ever ended a relationship because of a gut feeling.,Je n'ai jamais mis fin a une relation a cause d'un pressentiment.,Non ho mai chiuso una relazione per un presentimento.,Ich habe noch nie eine Beziehung wegen eines Bauchgefuehls beendet.,Eu nunca nunca terminei uma relacao por um pressentimento.,æˆ‘ä»Žæœªå› ä¸ºç›´è§‰è€Œç»“æŸä¸€æ®µæ‹æƒ…ã€‚
262,Yo nunca nunca he imaginado como serian mis hijos con mi crush.,I have never ever imagined what my future kids would look like with my crush.,Je n'ai jamais imagine a quoi ressembleraient mes enfants avec mon crush.,Non ho mai immaginato come sarebbero i miei figli con il mio crush.,Ich habe noch nie vorgestellt wie meine Kinder mit meinem Schwarm aussehen wuerden.,Eu nunca nunca imaginei como seriam os meus filhos com o meu crush.,æˆ‘ä»Žæœªæƒ³è±¡è¿‡å’Œæš—æ‹çš„äººç”Ÿçš„å­©å­é•¿ä»€ä¹ˆæ ·ã€‚
263,Yo nunca nunca he tenido un momento romantico en una libreria o biblioteca.,I have never ever had a romantic moment in a bookshop or library.,Je n'ai jamais vecu un moment romantique dans une librairie ou bibliotheque.,Non ho mai avuto un momento romantico in una libreria o biblioteca.,Ich hatte noch nie einen romantischen Moment in einem Buchladen oder einer Bibliothek.,Eu nunca nunca tive um momento romantico numa livraria ou biblioteca.,æˆ‘ä»Žæœªåœ¨ä¹¦åº—æˆ–å›¾ä¹¦é¦†æœ‰è¿‡æµªæ¼«çš„çž¬é—´ã€‚
264,Yo nunca nunca he stalkeado las fotos en las que estaba etiquetado mi crush.,I have never ever stalked my crush's tagged photos.,Je n'ai jamais stalke les photos ou mon crush etait identifie.,Non ho mai stalkerato le foto in cui il mio crush era taggato.,Ich habe noch nie die markierten Fotos meines Schwarms durchgeschaut.,Eu nunca nunca stalkei as fotos em que o meu crush estava identificado.,æˆ‘ä»Žæœªç¿»çœ‹æš—æ‹å¯¹è±¡è¢«æ ‡è®°çš„ç…§ç‰‡ã€‚
265,Yo nunca nunca me han enviado flores de forma anonima.,I have never ever had someone send me flowers anonymously.,Je n'ai jamais recu de fleurs de facon anonyme.,Non ho mai ricevuto fiori in modo anonimo.,Ich habe noch nie anonym Blumen zugeschickt bekommen.,Eu nunca nunca me enviaram flores de forma anonima.,æˆ‘ä»Žæœªæ”¶åˆ°è¿‡åŒ¿åé€çš„èŠ±ã€‚
266,Yo nunca nunca me han dicho que soy demasiado intenso expresando sentimientos.,I have never ever been told I was too intense when expressing feelings.,Je n'ai jamais entendu dire que j'etais trop intense en exprimant mes sentiments.,Non mi hanno mai detto che ero troppo intenso nell'esprimere i sentimenti.,Mir wurde noch nie gesagt ich sei zu intensiv beim Ausdruecken meiner Gefuehle.,Eu nunca nunca me disseram que sou demasiado intenso a expressar sentimentos.,æˆ‘ä»Žæœªè¢«è¯´è¿‡è¡¨è¾¾æ„Ÿæƒ…æ—¶å¤ªè¿‡å¼ºçƒˆã€‚
267,Yo nunca nunca he intentado averiguar cosas de mi crush a traves de sus amigos.,I have never ever tried to find out things about my crush through their friends.,Je n'ai jamais essaye de decouvrir des choses sur mon crush par le biais de ses amis.,Non ho mai provato a scoprire cose sul mio crush attraverso i suoi amici.,Ich habe noch nie versucht ueber die Freunde meines Schwarms Dinge herauszufinden.,Eu nunca nunca tentei descobrir coisas do meu crush atraves dos amigos.,æˆ‘ä»Žæœªé€šè¿‡æœ‹å‹æ‰“æŽ¢æš—æ‹å¯¹è±¡çš„äº‹ã€‚
268,Yo nunca nunca he tenido una playlist que me recordaba a cada ex.,I have never ever had a playlist that reminded me of every ex.,Je n'ai jamais eu une playlist qui me rappelait chaque ex.,Non ho mai avuto una playlist che mi ricordava ogni ex.,Ich hatte noch nie eine Playlist die mich an jeden Ex erinnerte.,Eu nunca nunca tive uma playlist que me lembrava cada ex.,æˆ‘ä»Žæœªæœ‰è¿‡ä¸€ä¸ªè®©æˆ‘æƒ³èµ·æ¯ä¸ªå‰ä»»çš„æ­Œå•ã€‚
269,Yo nunca nunca he comido solo en un restaurante fingiendo esperar una cita.,I have never ever eaten at a restaurant alone pretending to wait for a date.,Je n'ai jamais mange seul dans un restaurant en faisant semblant d'attendre un rendez-vous.,Non ho mai mangiato da solo in un ristorante fingendo di aspettare un appuntamento.,Ich habe noch nie allein in einem Restaurant gegessen und so getan als wuerde ich auf ein Date warten.,Eu nunca nunca comi sozinho num restaurante fingindo esperar um encontro.,æˆ‘ä»Žæœªä¸€ä¸ªäººåœ¨é¤åŽ…åƒé¥­å‡è£…åœ¨ç­‰çº¦ä¼šå¯¹è±¡ã€‚
270,Yo nunca nunca he visto que mi crush le dio like a una foto mia antigua.,I have never ever seen my crush like an old photo of mine.,Je n'ai jamais vu que mon crush a aime une de mes anciennes photos.,Non ho mai visto che il mio crush ha messo like a una mia vecchia foto.,Ich habe noch nie gesehen dass mein Schwarm ein altes Foto von mir geliked hat.,Eu nunca nunca vi o meu crush dar like numa foto minha antiga.,æˆ‘ä»Žæœªå‘çŽ°æš—æ‹å¯¹è±¡ç»™æˆ‘çš„æ—§ç…§ç‰‡ç‚¹äº†èµžã€‚
271,Yo nunca nunca me he prometido no enamorarme y lo he hecho igualmente.,I have never ever promised myself not to fall in love and done it anyway.,Je ne me suis jamais promis de ne pas tomber amoureux et l'ai fait quand meme.,Non ho mai promesso a me stesso di non innamorarmi e poi l'ho fatto comunque.,Ich habe mir noch nie versprochen mich nicht zu verlieben und es trotzdem getan.,Eu nunca nunca prometi a mim mesmo nao me apaixonar e fi-lo na mesma.,æˆ‘ä»Žæœªå‘èª“ä¸å†å¿ƒåŠ¨ç»“æžœè¿˜æ˜¯åŠ¨å¿ƒäº†ã€‚
272,Yo nunca nunca he tenido un crush que arruino una amistad.,I have never ever had a crush that ruined a friendship.,Je n'ai jamais eu un crush qui a ruine une amitie.,Non ho mai avuto una cotta che ha rovinato un'amicizia.,Ich hatte noch nie einen Crush der eine Freundschaft ruiniert hat.,Eu nunca nunca tive um crush que arruinou uma amizade.,æˆ‘ä»Žæœªå› ä¸ºæš—æ‹è€Œæ¯æŽ‰ä¸€æ®µå‹è°Šã€‚
273,Yo nunca nunca he escrito un mensaje y esperado horas para enviarlo y no parecer desesperado.,I have never ever written a text and waited hours to send it so I wouldn't seem desperate.,Je n'ai jamais ecrit un message et attendu des heures pour l'envoyer pour ne pas sembler desespere.,Non ho mai scritto un messaggio e aspettato ore per inviarlo per non sembrare disperato.,Ich habe noch nie eine Nachricht geschrieben und stundenlang gewartet sie abzuschicken um nicht verzweifelt zu wirken.,Eu nunca nunca escrevi uma mensagem e esperei horas para a enviar para nao parecer desesperado.,æˆ‘ä»Žæœªå†™å¥½æ¶ˆæ¯ç­‰äº†å¥½å‡ ä¸ªå°æ—¶æ‰å‘å…å¾—æ˜¾å¾—å¤ªå¿ƒæ€¥ã€‚
274,Yo nunca nunca me he quedado en una relacion mas tiempo del que debia.,I have never ever stayed in a relationship longer than I should have.,Je ne suis jamais reste dans une relation plus longtemps que je n'aurais du.,Non sono mai rimasto in una relazione piu a lungo di quanto avrei dovuto.,Ich bin noch nie laenger in einer Beziehung geblieben als ich haette sollen.,Eu nunca nunca fiquei numa relacao mais tempo do que devia.,æˆ‘ä»Žæœªåœ¨ä¸€æ®µæ‹æƒ…ä¸­å¾…å¾—æ¯”åº”è¯¥çš„æ›´ä¹…ã€‚
275,Yo nunca nunca he tenido un encuentro casual como en las peliculas.,I have never ever had a cute meet-up like in the movies.,Je n'ai jamais eu de rencontre fortuite comme dans les films.,Non ho mai avuto un incontro casuale come nei film.,Ich hatte noch nie ein zufaelliges Treffen wie in den Filmen.,Eu nunca nunca tive um encontro casual como nos filmes.,æˆ‘ä»Žæœªåƒç”µå½±é‡Œé‚£æ ·å¶ç„¶é‡åˆ°æŸäººç„¶åŽæ¥ç”µã€‚
276,Yo nunca nunca he fingido que la frase para ligar de alguien me funciono por educacion.,I have never ever pretended someone's pick-up line worked on me just to be polite.,Je n'ai jamais fait semblant qu'une phrase d'accroche de quelqu'un marchait sur moi par politesse.,Non ho mai finto che la frase di rimorchio di qualcuno funzionasse su di me per educazione.,Ich habe noch nie aus Hoeflichkeit so getan als haette ein Anmachspruch bei mir funktioniert.,Eu nunca nunca fingi que a frase de engate de alguem resultou comigo so por educacao.,æˆ‘ä»Žæœªå‡ºäºŽç¤¼è²Œå‡è£…åˆ«äººçš„æ­è®ªèµ·ä½œç”¨äº†ã€‚
277,Yo nunca nunca he vuelto a leer un chat antiguo con mi crush para revivir el momento.,I have never ever gone back to an old chat with a crush to relive the moment.,Je ne suis jamais retourne dans un ancien chat avec mon crush pour revivre le moment.,Non sono mai tornato a rileggere una vecchia chat con il mio crush per rivivere il momento.,Ich habe noch nie einen alten Chat mit meinem Schwarm nochmal gelesen um den Moment nochmal zu erleben.,Eu nunca nunca voltei a ler um chat antigo com o meu crush para reviver o momento.,æˆ‘ä»Žæœªç¿»å‡ºå’Œæš—æ‹å¯¹è±¡çš„æ—§èŠå¤©è®°å½•é‡æ¸©é‚£äº›æ—¶åˆ»ã€‚
278,Yo nunca nunca he tenido un amor de verano.,I have never ever had a summer love.,Je n'ai jamais eu un amour d'ete.,Non ho mai avuto un amore estivo.,Ich hatte noch nie eine Sommerliebe.,Eu nunca nunca tive um amor de verao.,æˆ‘ä»Žæœªæœ‰è¿‡å¤æ—¥æ‹æƒ…ã€‚
279,Yo nunca nunca he intentado impresionar a alguien en una cita con una habilidad que no tenia.,I have never ever tried to impress a date with a skill I didn't actually have.,Je n'ai jamais essaye d'impressionner quelqu'un en rendez-vous avec une competence que je n'avais pas.,Non ho mai provato a impressionare qualcuno a un appuntamento con un'abilita che non avevo.,Ich habe noch nie versucht jemanden bei einem Date mit einer Faehigkeit zu beeindrucken die ich gar nicht hatte.,Eu nunca nunca tentei impressionar alguem num encontro com uma habilidade que nao tinha.,æˆ‘ä»Žæœªåœ¨çº¦ä¼šä¸­ç”¨è‡ªå·±å¹¶ä¸æ“…é•¿çš„æŠ€èƒ½æ¥ç‚«è€€ã€‚
280,Yo nunca nunca he tenido un momento de silencio que se sintio romantico.,I have never ever had a moment of silence that felt romantic.,Je n'ai jamais eu un moment de silence qui m'a semble romantique.,Non ho mai avuto un momento di silenzio che sembrava romantico.,Ich hatte noch nie einen Moment der Stille der sich romantisch anfuehlte.,Eu nunca nunca tive um momento de silencio que pareceu romantico.,æˆ‘ä»Žæœªç»åŽ†è¿‡ä¸€æ®µæµªæ¼«çš„æ²‰é»˜ã€‚
281,Yo nunca nunca he stalkeado el Spotify de alguien para ver que escuchaba.,I have never ever stalked someone's Spotify to see what they listen to.,Je n'ai jamais stalke le Spotify de quelqu'un pour voir ce qu'il ecoutait.,Non ho mai stalkerato lo Spotify di qualcuno per vedere cosa ascoltava.,Ich habe noch nie jemandes Spotify gestalkt um zu sehen was die Person hoert.,Eu nunca nunca stalkei o Spotify de alguem para ver o que ouvia.,æˆ‘ä»Žæœªå·çœ‹åˆ«äººçš„Spotifyçœ‹ä»–ä»¬åœ¨å¬ä»€ä¹ˆã€‚
282,Yo nunca nunca he llorado porque una pareja ficticia se separo.,I have never ever cried because a fictional couple broke up.,Je n'ai jamais pleure parce qu'un couple fictif s'est separe.,Non ho mai pianto perche una coppia fittizia si e lasciata.,Ich habe noch nie geweint weil sich ein fiktives Paar getrennt hat.,Eu nunca nunca chorei porque um casal ficticio se separou.,æˆ‘ä»Žæœªå› ä¸ºè™šæž„æƒ…ä¾£åˆ†æ‰‹è€Œå“­ã€‚
283,Yo nunca nunca he cambiado mi perfil de streaming despues de una ruptura.,I have never ever changed my streaming profile after a breakup.,Je n'ai jamais change mon profil de streaming apres une rupture.,Non ho mai cambiato il mio profilo di streaming dopo una rottura.,Ich habe noch nie mein Streaming-Profil nach einer Trennung geaendert.,Eu nunca nunca mudei o meu perfil de streaming depois de uma separacao.,æˆ‘ä»Žæœªåœ¨åˆ†æ‰‹åŽæ”¹è¿‡æµåª’ä½“è´¦å·ã€‚
284,Yo nunca nunca he mandado una cancion a las 3 de la manana esperando que entendieran mi mensaje.,I have never ever sent a song at 3 AM hoping they'd understand the message.,Je n'ai jamais envoye une chanson a 3 heures du matin en esperant qu'il comprenne le message.,Non ho mai mandato una canzone alle 3 di notte sperando che capisse il messaggio.,Ich habe noch nie um 3 Uhr morgens ein Lied geschickt in der Hoffnung dass die Person die Botschaft versteht.,Eu nunca nunca enviei uma musica as 3 da manha na esperanca de que percebessem a mensagem.,æˆ‘ä»Žæœªåœ¨å‡Œæ™¨ä¸‰ç‚¹å‘ä¸€é¦–æ­Œå¸Œæœ›å¯¹æ–¹èƒ½æ‡‚å…¶ä¸­çš„æ„æ€ã€‚
285,Yo nunca nunca he fingido haber superado a alguien mientras todavia veia sus historias.,I have never ever pretended to be over someone while still checking their stories.,Je n'ai jamais pretendu avoir tourne la page tout en regardant encore ses stories.,Non ho mai finto di aver superato qualcuno mentre continuavo a guardare le sue storie.,Ich habe noch nie so getan als haette ich jemanden ueberwunden waehrend ich noch deren Stories anschaute.,Eu nunca nunca fingi ter superado alguem enquanto ainda via as suas historias.,æˆ‘ä»Žæœªå‡è£…æ”¾ä¸‹äº†ä¸€ä¸ªäººå…¶å®žè¿˜åœ¨çœ‹å¯¹æ–¹çš„åŠ¨æ€ã€‚
286,Yo nunca nunca he tenido un crush con un repartidor.,I have never ever had a crush on a delivery person.,Je n'ai jamais eu le beguin pour un livreur.,Non ho mai avuto una cotta per un corriere.,Ich hatte noch nie einen Crush auf einen Lieferanten.,Eu nunca nunca tive um crush por um estafeta.,æˆ‘ä»Žæœªæš—æ‹è¿‡å¤–å–å°å“¥ã€‚
287,Yo nunca nunca he creado un alter ego para ser mas seguro con mi crush.,I have never ever created an alter ego to be more confident around my crush.,Je n'ai jamais cree un alter ego pour etre plus confiant devant mon crush.,Non ho mai creato un alter ego per essere piu sicuro con il mio crush.,Ich habe noch nie ein Alter Ego erschaffen um selbstbewusster in der Naehe meines Schwarms zu sein.,Eu nunca nunca criei um alter ego para ser mais confiante com o meu crush.,æˆ‘ä»Žæœªä¸ºäº†åœ¨æš—æ‹çš„äººé¢å‰æ›´è‡ªä¿¡è€Œåˆ›é€ ä¸€ä¸ªå¦ä¸€é¢çš„è‡ªå·±ã€‚
288,Yo nunca nunca he tenido una confesion que salio completamente mal.,I have never ever had a confession that went completely wrong.,Je n'ai jamais eu une declaration qui a completement mal tourne.,Non ho mai avuto una confessione che e andata completamente male.,Ich hatte noch nie ein Gestaendnis das voellig schiefgegangen ist.,Eu nunca nunca tive uma confissao que correu completamente mal.,æˆ‘ä»Žæœªç»åŽ†è¿‡ä¸€åœºå½»åº•æžç ¸çš„å‘Šç™½ã€‚
289,Yo nunca nunca me he quedado como amigo de un ex esperando una segunda oportunidad.,I have never ever stayed friends with an ex secretly hoping for a second chance.,Je ne suis jamais reste ami avec un ex en esperant secretement une seconde chance.,Non sono mai rimasto amico di un ex sperando segretamente in una seconda possibilita.,Ich bin noch nie mit einem Ex befreundet geblieben und habe heimlich auf eine zweite Chance gehofft.,Eu nunca nunca fiquei amigo de um ex na esperanca secreta de uma segunda oportunidade.,æˆ‘ä»Žæœªå’Œå‰ä»»åšæœ‹å‹æš—è‡ªå¸Œæœ›å†æ¥ä¸€æ¬¡ã€‚
290,Yo nunca nunca he tenido expectativas romanticas de peliculas que nunca se cumplieron.,I have never ever had romantic expectations from movies that never came true.,Je n'ai jamais eu d'attentes romantiques de films qui ne se sont jamais realisees.,Non ho mai avuto aspettative romantiche dai film che non si sono mai avverate.,Ich hatte noch nie romantische Erwartungen aus Filmen die sich nie erfuellt haben.,Eu nunca nunca tive expectativas romanticas de filmes que nunca se concretizaram.,æˆ‘ä»Žæœªå¯¹ç”µå½±é‡Œçš„æµªæ¼«æŠ±æœ‰ä»Žæœªå®žçŽ°çš„æœŸæœ›ã€‚
291,Yo nunca nunca he tenido un crush secreto con alguien del gimnasio.,I have never ever had a secret crush on someone at the gym.,Je n'ai jamais eu un crush secret pour quelqu'un de la salle de sport.,Non ho mai avuto una cotta segreta per qualcuno della palestra.,Ich hatte noch nie einen geheimen Crush auf jemanden im Fitnessstudio.,Eu nunca nunca tive um crush secreto por alguem do ginasio.,æˆ‘ä»Žæœªåœ¨å¥èº«æˆ¿æš—æ‹è¿‡æŸäººã€‚
292,Yo nunca nunca he subido una foto a redes solo para que mi crush la viera.,I have never ever posted a photo on social media just for my crush to see.,Je n'ai jamais poste une photo sur les reseaux juste pour que mon crush la voie.,Non ho mai postato una foto sui social solo perche il mio crush la vedesse.,Ich habe noch nie ein Foto in sozialen Medien gepostet nur damit mein Schwarm es sieht.,Eu nunca nunca publiquei uma foto nas redes so para o meu crush ver.,æˆ‘ä»Žæœªå‘ç…§ç‰‡åˆ°ç¤¾äº¤åª’ä½“åªä¸ºäº†è®©æš—æ‹çš„äººçœ‹åˆ°ã€‚
293,Yo nunca nunca me he puesto nervioso al rozar la mano de alguien que me gusta.,I have never ever gotten nervous when accidentally touching the hand of someone I like.,Je n'ai jamais ete nerveux en effleurant la main de quelqu'un qui me plait.,Non sono mai stato nervoso nel sfiorare la mano di qualcuno che mi piace.,Ich war noch nie nervoees als ich versehentlich die Hand von jemandem beruehrt habe den ich mag.,Eu nunca nunca fiquei nervoso ao tocar na mao de alguem de quem gosto.,æˆ‘ä»Žæœªä¸å°å¿ƒç¢°åˆ°å–œæ¬¢çš„äººçš„æ‰‹æ—¶ç´§å¼ ä¸å·²ã€‚
294,Yo nunca nunca he fingido no haber visto el mensaje de mi crush para hacerme el interesante.,I have never ever pretended not to have seen my crush's message to play it cool.,Je n'ai jamais fait semblant de ne pas avoir vu le message de mon crush pour jouer les indifferents.,Non ho mai finto di non aver visto il messaggio del mio crush per fare l'interessante.,Ich habe noch nie so getan als haette ich die Nachricht meines Schwarms nicht gesehen um cool zu wirken.,Eu nunca nunca fingi nao ter visto a mensagem do meu crush para me fazer de interessante.,æˆ‘ä»Žæœªå‡è£…æ²¡çœ‹åˆ°æš—æ‹å¯¹è±¡çš„æ¶ˆæ¯æ¥æ•…ä½œçŸœæŒã€‚
295,Yo nunca nunca he tenido un final de relacion que no tuve oportunidad de cerrar bien.,I have never ever had a relationship ending I never got proper closure on.,Je n'ai jamais eu une fin de relation dont je n'ai jamais eu de vraie conclusion.,Non ho mai avuto una fine di relazione su cui non ho mai avuto una vera chiusura.,Ich hatte noch nie ein Beziehungsende bei dem ich keinen richtigen Abschluss bekommen habe.,Eu nunca nunca tive um final de relacao em que nunca tive um encerramento adequado.,æˆ‘ä»Žæœªæœ‰è¿‡ä¸€æ®µæ²¡èƒ½å¥½å¥½ç»“æŸçš„æ‹æƒ…ã€‚
296,Yo nunca nunca he tenido un momento magico en un primer beso.,I have never ever had a magical first kiss moment.,Je n'ai jamais vecu un moment magique lors d'un premier baiser.,Non ho mai vissuto un momento magico al primo bacio.,Ich hatte noch nie einen magischen Moment bei einem ersten Kuss.,Eu nunca nunca tive um momento magico num primeiro beijo.,æˆ‘ä»Žæœªåœ¨åˆå»æ—¶æ„Ÿå—åˆ°é­”æ³•èˆ¬çš„çž¬é—´ã€‚
297,Yo nunca nunca he sido el confidente amoroso de todos mis amigos sin tener suerte yo.,I have never ever been everyone's love advisor while having no luck myself.,Je n'ai jamais ete le conseiller amoureux de tous mes amis sans avoir moi-meme de chance.,Non sono mai stato il confidente amoroso di tutti i miei amici senza avere fortuna io.,Ich war noch nie der Liebesberater aller meiner Freunde ohne selbst Glueck zu haben.,Eu nunca nunca fui o conselheiro amoroso de todos os meus amigos sem ter sorte eu.,æˆ‘ä»Žæœªå½“äº†æ‰€æœ‰æœ‹å‹çš„æ‹çˆ±é¡¾é—®è‡ªå·±å´æ²¡è¿æ°”ã€‚
298,Yo nunca nunca he visto a mi crush en suenos tan seguido que se sentia real.,I have never ever seen my crush in dreams so often it felt real.,Je n'ai jamais vu mon crush en reve si souvent que ca semblait reel.,Non ho mai visto il mio crush nei sogni cosi spesso che sembrava reale.,Ich habe noch nie meinen Schwarm so oft in Traeumen gesehen dass es sich real anfuehlte.,Eu nunca nunca vi o meu crush em sonhos com tanta frequencia que parecia real.,æˆ‘ä»Žæœªé¢‘ç¹æ¢¦åˆ°æš—æ‹çš„äººä»¥è‡³äºŽæ„Ÿè§‰åƒçœŸçš„ã€‚
299,Yo nunca nunca he tenido un crush tan absurdo que me daba verguenza contarlo.,I have never ever had a crush so absurd I was embarrassed to talk about it.,Je n'ai jamais eu un crush tellement absurde que j'avais honte d'en parler.,Non ho mai avuto una cotta cosi assurda che mi vergognavo a parlarne.,Ich hatte noch nie einen so absurden Crush dass es mir peinlich war darueber zu reden.,Eu nunca nunca tive um crush tao absurdo que tinha vergonha de contar.,æˆ‘ä»Žæœªæš—æ‹è¿‡ä¸€ä¸ªè’å”åˆ°ä¸å¥½æ„æ€è¯´å‡ºå£çš„äººã€‚
300,Yo nunca nunca he deseado poder borrar los sentimientos por alguien con un boton.,I have never ever wished I could erase feelings for someone with the push of a button.,Je n'ai jamais souhaite pouvoir effacer mes sentiments pour quelqu'un en appuyant sur un bouton.,Non ho mai desiderato poter cancellare i sentimenti per qualcuno con la pressione di un pulsante.,Ich habe noch nie gewuenscht meine Gefuehle fuer jemanden mit einem Knopfdruck loeschen zu koennen.,Eu nunca nunca desejei poder apagar os sentimentos por alguem com um botao.,æˆ‘ä»Žæœªå¸Œæœ›èƒ½æŒ‰ä¸€ä¸ªæŒ‰é’®å°±æŠ¹åŽ»å¯¹æŸäººçš„æ„Ÿæƒ…ã€‚
